접수일,회사명,종목코드,공시유형,방향,현재가·종가(원),시가(원),전일대비(%),공시금액(원),시가총액(원),시총대비(%),주식비율(%),희석비율(%),매출대비계약(%),공시상태,요약,원문URL
2026-10-02,포커스에이아이,331380,전환사채(CB),부정,2130,2075,2.9,,78700000000,,,,,정정,전환사채는 자금조달 수단이지만 전환 시 주식 수 증가와 오버행 위험이 발생할 수 있습니다.,https://dart.fss.or.kr/dsaf001/main.do?rcpNo=20261002000290
2026-10-02,프리티,006490,유상증자,부정,1466,1423,3.02,,26000000000,,,,,정정,유상증자는 자금조달 목적에 따라 성장재원이 될 수 있지만 기존주주의 지분희석과 할인발행 부담이 발생할 수 있습니다.,https://dart.fss.or.kr/dsaf001/main.do?rcpNo=20261002000315
2026-10-02,원풍,008370,자사주 취득,긍정,5170,5060,1.57,1000001760,62000000000,1.613,,,,신규,자기주식 취득은 주주환원 신호지만 실제 소각 여부와 취득 규모를 함께 봐야 합니다.,https://dart.fss.or.kr/dsaf001/main.do?rcpNo=20261002000326
2026-10-02,포커스에이아이,331380,유상증자,부정,2130,2075,2.9,,78700000000,,,,,정정,유상증자는 자금조달 목적에 따라 성장재원이 될 수 있지만 기존주주의 지분희석과 할인발행 부담이 발생할 수 있습니다.,https://dart.fss.or.kr/dsaf001/main.do?rcpNo=20261002000308
2026-10-02,알에프텍,061040,부도·회생·영업정지,부정,7260,7240,0.28,,65700000000,,,,,신규,부도·회생·영업정지는 기업의 계속기업 가능성에 직접적인 위험신호입니다.,https://dart.fss.or.kr/dsaf001/main.do?rcpNo=20261002900639
2026-10-02,가온칩스,399720,자사주 처분,부정,48500,48900,0.21,,575200000000,,,,,신규,자기주식 처분은 매각 목적과 물량에 따라 주식 공급 부담이 될 수 있습니다.,https://dart.fss.or.kr/dsaf001/main.do?rcpNo=20261002000388
2026-10-02,MSDI,123010,유상증자,부정,4165,4505,-6.61,,84200000000,,,,,정정,유상증자는 자금조달 목적에 따라 성장재원이 될 수 있지만 기존주주의 지분희석과 할인발행 부담이 발생할 수 있습니다.,https://dart.fss.or.kr/dsaf001/main.do?rcpNo=20261002000389
2026-10-02,일신바이오,068330,대규모 공급계약,긍정,1029,1012,-1.44,960000000,45500000000,2.11,,,6.61,신규,"대규모 공급계약은 매출 가시성을 높일 수 있지만 계약규모, 기간, 해지조건과 상대방 위험을 확인해야 합니다.",https://dart.fss.or.kr/dsaf001/main.do?rcpNo=20261002900618
2026-10-02,인바이오,352940,전환사채(CB),부정,2075,2005,3.49,,22600000000,,,,,신규,전환사채는 자금조달 수단이지만 전환 시 주식 수 증가와 오버행 위험이 발생할 수 있습니다.,https://dart.fss.or.kr/dsaf001/main.do?rcpNo=20261002000375
2026-10-02,DL,000210,대규모 공급계약,긍정,48700,48950,0.21,524323051232,1020600000000,51.374,,,6.3,정정,"대규모 공급계약은 매출 가시성을 높일 수 있지만 계약규모, 기간, 해지조건과 상대방 위험을 확인해야 합니다.",https://dart.fss.or.kr/dsaf001/main.do?rcpNo=20261002800650
2026-10-02,DL이앤씨,375500,대규모 공급계약,긍정,75700,75700,-0.39,524323051232,2929100000000,17.9,,,6.3,정정,"대규모 공급계약은 매출 가시성을 높일 수 있지만 계약규모, 기간, 해지조건과 상대방 위험을 확인해야 합니다.",https://dart.fss.or.kr/dsaf001/main.do?rcpNo=20261002800597
2026-10-02,SG,255220,전환사채(CB),부정,1105,1151,-3.75,,166400000000,,,,,신규,전환사채는 자금조달 수단이지만 전환 시 주식 수 증가와 오버행 위험이 발생할 수 있습니다.,https://dart.fss.or.kr/dsaf001/main.do?rcpNo=20261002000372
2026-10-02,금호건설,002990,대규모 공급계약,긍정,12250,12340,-0.08,97601012000,456400000000,21.385,,,6.11,정정,"대규모 공급계약은 매출 가시성을 높일 수 있지만 계약규모, 기간, 해지조건과 상대방 위험을 확인해야 합니다.",https://dart.fss.or.kr/dsaf001/main.do?rcpNo=20261002800698
2026-10-02,금화피에스시,036190,대규모 공급계약,긍정,34900,33950,1.75,71047000000,209400000000,33.929,,,,정정,"대규모 공급계약은 매출 가시성을 높일 수 있지만 계약규모, 기간, 해지조건과 상대방 위험을 확인해야 합니다.",https://dart.fss.or.kr/dsaf001/main.do?rcpNo=20261002900717
2026-10-02,상상인,038540,자사주 취득,긍정,1968,1887,5.13,1000000000,108900000000,0.918,,,,신규,자기주식 취득은 주주환원 신호지만 실제 소각 여부와 취득 규모를 함께 봐야 합니다.,https://dart.fss.or.kr/dsaf001/main.do?rcpNo=20261002000442
2026-10-02,인지디스플레,037330,거래정지·상장폐지 위험,부정,684,690,-1.44,,30000000000,,,,,신규,거래정지·상장폐지 관련 공시는 환금성과 투자원금에 중대한 영향을 줄 수 있습니다.,https://dart.fss.or.kr/dsaf001/main.do?rcpNo=20261002900750
2026-10-02,티에스아이,277880,대규모 공급계약,긍정,3755,3695,3.3,27510120000,74500000000,36.926,,,10.1,정정,"대규모 공급계약은 매출 가시성을 높일 수 있지만 계약규모, 기간, 해지조건과 상대방 위험을 확인해야 합니다.",https://dart.fss.or.kr/dsaf001/main.do?rcpNo=20261002900723
2026-10-02,자연과환경,043910,합병·주식교환,판단 유보,3220,3180,1.26,,36500000000,,,,,신규,합병·주식교환은 교환비율과 지배구조 변화에 따라 주주별 이해관계가 달라집니다.,https://dart.fss.or.kr/dsaf001/main.do?rcpNo=20261002000418
2026-10-02,화일약품,061250,전환사채(CB),부정,6410,6430,-0.31,,54000000000,,,,,정정,전환사채는 자금조달 수단이지만 전환 시 주식 수 증가와 오버행 위험이 발생할 수 있습니다.,https://dart.fss.or.kr/dsaf001/main.do?rcpNo=20261002000455
2026-10-02,씨엑스아이,900120,주식분할·병합,중립,1040,,0.0,,17300000000,,,,,신규,주식분할·병합은 이론적 기업가치를 바꾸지 않지만 거래단위와 유동성에 영향을 줄 수 있습니다.,https://dart.fss.or.kr/dsaf001/main.do?rcpNo=20261002900762
2026-10-02,스코넥,276040,유상증자,부정,327,,0.0,,700000000,,,,,정정,유상증자는 자금조달 목적에 따라 성장재원이 될 수 있지만 기존주주의 지분희석과 할인발행 부담이 발생할 수 있습니다.,https://dart.fss.or.kr/dsaf001/main.do?rcpNo=20261002000483
2026-10-02,듀오백,073190,거래정지·상장폐지 위험,부정,1622,,0.0,,19400000000,,,,,신규,거래정지·상장폐지 관련 공시는 환금성과 투자원금에 중대한 영향을 줄 수 있습니다.,https://dart.fss.or.kr/dsaf001/main.do?rcpNo=20261002900770
2026-10-02,태영건설,009410,대규모 공급계약,긍정,1635,1645,-0.18,55965940000,522300000000,10.715,,,2.57,신규,"대규모 공급계약은 매출 가시성을 높일 수 있지만 계약규모, 기간, 해지조건과 상대방 위험을 확인해야 합니다.",https://dart.fss.or.kr/dsaf001/main.do?rcpNo=20261002800792
2026-10-02,상상인,038540,자사주 취득,긍정,1968,1887,5.13,1000000000,108900000000,0.918,,,,정정,자기주식 취득은 주주환원 신호지만 실제 소각 여부와 취득 규모를 함께 봐야 합니다.,https://dart.fss.or.kr/dsaf001/main.do?rcpNo=20261002000515
2026-10-02,삼성바이오로직스,207940,대규모 공급계약,긍정,1366000,1421000,-3.67,93478620919,63233400000000,0.148,,,2.05,신규,"대규모 공급계약은 매출 가시성을 높일 수 있지만 계약규모, 기간, 해지조건과 상대방 위험을 확인해야 합니다.",https://dart.fss.or.kr/dsaf001/main.do?rcpNo=20261002800830
2026-10-02,티와이홀딩스,363280,대규모 공급계약,긍정,2085,2030,2.71,55965940000,94900000000,58.974,,,2.57,신규,"대규모 공급계약은 매출 가시성을 높일 수 있지만 계약규모, 기간, 해지조건과 상대방 위험을 확인해야 합니다.",https://dart.fss.or.kr/dsaf001/main.do?rcpNo=20261002800839
2026-10-02,일진파워,094820,감사의견·재무위험,부정,12220,11980,1.92,,184300000000,,,,,신규,감사의견·자본잠식·횡령배임 공시는 재무정보 신뢰성과 상장유지 가능성에 영향을 줄 수 있습니다.,https://dart.fss.or.kr/dsaf001/main.do?rcpNo=20261002900863
2026-10-02,금양,001570,분할·분할합병,판단 유보,9900,,0.0,,633300000000,,,,,정정,분할은 사업가치 재평가 가능성과 지주회사 할인·재상장 불확실성을 함께 검토해야 합니다.,https://dart.fss.or.kr/dsaf001/main.do?rcpNo=20261002000513
2026-10-02,KS인더스트리,101000,유상증자,부정,1518,1500,1.2,,15000000000,,,,,신규,유상증자는 자금조달 목적에 따라 성장재원이 될 수 있지만 기존주주의 지분희석과 할인발행 부담이 발생할 수 있습니다.,https://dart.fss.or.kr/dsaf001/main.do?rcpNo=20261002000524
2026-10-02,와이씨켐,112290,전환사채(CB),부정,12480,12830,-3.11,,252400000000,,,,,신규,전환사채는 자금조달 수단이지만 전환 시 주식 수 증가와 오버행 위험이 발생할 수 있습니다.,https://dart.fss.or.kr/dsaf001/main.do?rcpNo=20261002000538
2026-10-02,이노인스트루먼트,215790,거래정지·상장폐지 위험,부정,663,647,3.59,,26700000000,,,,,신규,거래정지·상장폐지 관련 공시는 환금성과 투자원금에 중대한 영향을 줄 수 있습니다.,https://dart.fss.or.kr/dsaf001/main.do?rcpNo=20261002900906
2026-10-02,서희건설,035890,대규모 공급계약,긍정,2230,2200,2.29,277476420000,462900000000,59.943,,,25.84,정정,"대규모 공급계약은 매출 가시성을 높일 수 있지만 계약규모, 기간, 해지조건과 상대방 위험을 확인해야 합니다.",https://dart.fss.or.kr/dsaf001/main.do?rcpNo=20261002900878
2026-10-02,버킷스튜디오,066410,최대주주 변경,판단 유보,1153,,0.0,,159600000000,,,,,신규,최대주주 변경은 경영권과 사업전략 변화 가능성을 높이지만 인수주체와 자금출처 검증이 필요합니다.,https://dart.fss.or.kr/dsaf001/main.do?rcpNo=20261002900880
2026-10-02,서울전자통신,027040,유상증자,부정,1740,1769,-1.86,,24200000000,,,,,정정,유상증자는 자금조달 목적에 따라 성장재원이 될 수 있지만 기존주주의 지분희석과 할인발행 부담이 발생할 수 있습니다.,https://dart.fss.or.kr/dsaf001/main.do?rcpNo=20261002000547
2026-10-02,영원무역홀딩스,009970,자사주 소각,긍정,164600,161000,1.73,115276028000,2132200000000,5.406,,,,신규,자기주식 소각은 발행주식 수 감소를 통해 주당가치에 긍정적으로 작용할 수 있습니다.,https://dart.fss.or.kr/dsaf001/main.do?rcpNo=20261002800927
2026-10-02,영원무역홀딩스,009970,현금배당,판단 유보,164600,161000,1.73,,2132200000000,,,,,신규,"배당 기준일을 정한 공시로, 배당 실시 여부와 금액은 아직 확정되지 않았을 수 있습니다. 추후 배당 결정 공시를 확인해야 합니다.",https://dart.fss.or.kr/dsaf001/main.do?rcpNo=20261002800913
2026-10-02,마녀공장,439090,자사주 취득,긍정,15750,15340,4.17,,258200000000,,,,,신규,자기주식 취득은 주주환원 신호지만 실제 소각 여부와 취득 규모를 함께 봐야 합니다.,https://dart.fss.or.kr/dsaf001/main.do?rcpNo=20261002000600
2026-10-02,스코넥,276040,부도·회생·영업정지,부정,327,,0.0,,700000000,,,,,정정,부도·회생·영업정지는 기업의 계속기업 가능성에 직접적인 위험신호입니다.,https://dart.fss.or.kr/dsaf001/main.do?rcpNo=20261002000555
2026-10-02,IBKS제24호스팩,469480,합병·주식교환,판단 유보,3360,3170,6.84,,14200000000,,,,,정정,합병·주식교환은 교환비율과 지배구조 변화에 따라 주주별 이해관계가 달라집니다.,https://dart.fss.or.kr/dsaf001/main.do?rcpNo=20261002000602
2026-10-02,영원무역홀딩스,009970,현금배당,긍정,164600,161000,1.73,34814694000,2132200000000,1.633,,,,신규,현금배당은 직접적인 주주환원이지만 배당락일에는 주가 조정 가능성이 있습니다. 배당수익률과 지속가능성을 함께 확인해야 합니다.,https://dart.fss.or.kr/dsaf001/main.do?rcpNo=20261002800965
2026-10-02,엑셈,205100,거래정지·상장폐지 위험,부정,1450,1453,-0.21,,97900000000,,,,,신규,거래정지·상장폐지 관련 공시는 환금성과 투자원금에 중대한 영향을 줄 수 있습니다.,https://dart.fss.or.kr/dsaf001/main.do?rcpNo=20261002900959
2026-10-02,버킷스튜디오,066410,거래정지·상장폐지 위험,부정,1153,,0.0,,159600000000,,,,,신규,거래정지·상장폐지 관련 공시는 환금성과 투자원금에 중대한 영향을 줄 수 있습니다.,https://dart.fss.or.kr/dsaf001/main.do?rcpNo=20261002900971
2026-10-02,진흥기업,002780,현금배당,긍정,6630,6500,2.0,637631500,96400000000,0.661,,,,신규,현금배당은 직접적인 주주환원이지만 배당락일에는 주가 조정 가능성이 있습니다. 배당수익률과 지속가능성을 함께 확인해야 합니다.,https://dart.fss.or.kr/dsaf001/main.do?rcpNo=20261002800999
2026-10-02,크라우드웍스,355390,유상증자,부정,1420,1419,0.07,,22500000000,,,,,정정,유상증자는 자금조달 목적에 따라 성장재원이 될 수 있지만 기존주주의 지분희석과 할인발행 부담이 발생할 수 있습니다.,https://dart.fss.or.kr/dsaf001/main.do?rcpNo=20261002000638
2026-10-02,케이엠제약,225430,거래정지·상장폐지 위험,부정,698,,0.0,,300000000,,,,,신규,거래정지·상장폐지 관련 공시는 환금성과 투자원금에 중대한 영향을 줄 수 있습니다.,https://dart.fss.or.kr/dsaf001/main.do?rcpNo=20261002901024
2026-10-02,윙스풋,335870,거래정지·상장폐지 위험,부정,4100,4145,-0.36,,13700000000,,,,,신규,거래정지·상장폐지 관련 공시는 환금성과 투자원금에 중대한 영향을 줄 수 있습니다.,https://dart.fss.or.kr/dsaf001/main.do?rcpNo=20261002901107
2026-10-02,듀오백,073190,거래정지·상장폐지 위험,부정,1622,,0.0,,19400000000,,,,,신규,거래정지·상장폐지 관련 공시는 환금성과 투자원금에 중대한 영향을 줄 수 있습니다.,https://dart.fss.or.kr/dsaf001/main.do?rcpNo=20261002901104
2026-10-02,에이에프더블류,312610,거래정지·상장폐지 위험,부정,37,40,-5.13,,4900000000,,,,,신규,거래정지·상장폐지 관련 공시는 환금성과 투자원금에 중대한 영향을 줄 수 있습니다.,https://dart.fss.or.kr/dsaf001/main.do?rcpNo=20261002901116
2026-10-02,세진티에스,067770,거래정지·상장폐지 위험,부정,1031,909,13.55,,600000000,,,,,신규,거래정지·상장폐지 관련 공시는 환금성과 투자원금에 중대한 영향을 줄 수 있습니다.,https://dart.fss.or.kr/dsaf001/main.do?rcpNo=20261002901117
2026-10-02,케이엠제약,225430,거래정지·상장폐지 위험,부정,698,,0.0,,300000000,,,,,신규,거래정지·상장폐지 관련 공시는 환금성과 투자원금에 중대한 영향을 줄 수 있습니다.,https://dart.fss.or.kr/dsaf001/main.do?rcpNo=20261002901108
2026-10-02,삼성중공업,010140,대규모 공급계약,긍정,19920,19780,1.01,672200000000,17450400000000,3.852,,,6.3,신규,"대규모 공급계약은 매출 가시성을 높일 수 있지만 계약규모, 기간, 해지조건과 상대방 위험을 확인해야 합니다.",https://dart.fss.or.kr/dsaf001/main.do?rcpNo=20261002800245
2026-10-02,씨이랩,189330,대규모 공급계약,긍정,11000,10600,3.77,2189000000,101100000000,2.165,,,21.3,신규,"대규모 공급계약은 매출 가시성을 높일 수 있지만 계약규모, 기간, 해지조건과 상대방 위험을 확인해야 합니다.",https://dart.fss.or.kr/dsaf001/main.do?rcpNo=20261002900340
2026-10-02,가온칩스,399720,자사주 처분,부정,48500,48900,0.21,,570400000000,,,,,신규,자기주식 처분은 매각 목적과 물량에 따라 주식 공급 부담이 될 수 있습니다.,https://dart.fss.or.kr/dsaf001/main.do?rcpNo=20261002000161
2026-10-02,오로라,039830,현금배당,긍정,15950,16020,-0.44,1941946200,171000000000,1.136,,,,신규,현금배당은 직접적인 주주환원이지만 배당락일에는 주가 조정 가능성이 있습니다. 배당수익률과 지속가능성을 함께 확인해야 합니다.,https://dart.fss.or.kr/dsaf001/main.do?rcpNo=20261002900309
2026-10-02,한국파마,032300,자사주 취득,긍정,8620,7500,14.93,,96100000000,,,,,신규,자기주식 취득은 주주환원 신호지만 실제 소각 여부와 취득 규모를 함께 봐야 합니다.,https://dart.fss.or.kr/dsaf001/main.do?rcpNo=20261002000123
2026-10-02,파라다이스,034230,잠정실적·실적전망,판단 유보,9390,9500,-0.95,,863300000000,,,,,신규,잠정실적·실적전망은 시장 기대와의 차이가 핵심이므로 전년 대비뿐 아니라 컨센서스 대비를 확인해야 합니다.,https://dart.fss.or.kr/dsaf001/main.do?rcpNo=20261002800293
2026-10-02,GS건설,006360,대규모 공급계약,긍정,33150,33000,0.61,260269360000,2832700000000,9.188,,,2.5,정정,"대규모 공급계약은 매출 가시성을 높일 수 있지만 계약규모, 기간, 해지조건과 상대방 위험을 확인해야 합니다.",https://dart.fss.or.kr/dsaf001/main.do?rcpNo=20261002800400
2026-10-02,GKL,114090,잠정실적·실적전망,판단 유보,8560,8760,-1.72,,527000000000,,,,,신규,잠정실적·실적전망은 시장 기대와의 차이가 핵심이므로 전년 대비뿐 아니라 컨센서스 대비를 확인해야 합니다.,https://dart.fss.or.kr/dsaf001/main.do?rcpNo=20261002800355
2026-10-02,세진티에스,067770,거래정지·상장폐지 위험,부정,1031,909,13.55,,600000000,,,,,신규,거래정지·상장폐지 관련 공시는 환금성과 투자원금에 중대한 영향을 줄 수 있습니다.,https://dart.fss.or.kr/dsaf001/main.do?rcpNo=20261002900484
2026-10-02,텔콘RF제약,200230,대규모 공급계약,긍정,2330,2250,1.75,2306810656,21800000000,10.582,,,5.34,신규,"대규모 공급계약은 매출 가시성을 높일 수 있지만 계약규모, 기간, 해지조건과 상대방 위험을 확인해야 합니다.",https://dart.fss.or.kr/dsaf001/main.do?rcpNo=20261002900462
2026-10-02,오픈엣지테크놀로지,394280,대규모 공급계약,긍정,10590,10440,1.63,6700000000,279500000000,2.397,,,41.7,신규,"대규모 공급계약은 매출 가시성을 높일 수 있지만 계약규모, 기간, 해지조건과 상대방 위험을 확인해야 합니다.",https://dart.fss.or.kr/dsaf001/main.do?rcpNo=20261002900436
2026-10-02,셀리드,299660,유상증자,부정,2425,2450,0.62,,71700000000,,,,,정정,유상증자는 자금조달 목적에 따라 성장재원이 될 수 있지만 기존주주의 지분희석과 할인발행 부담이 발생할 수 있습니다.,https://dart.fss.or.kr/dsaf001/main.do?rcpNo=20261002000229
2026-10-02,한국종합기술,023350,대규모 공급계약,긍정,3750,3865,-0.27,21411500000,40800000000,52.479,,,5.68,정정,"대규모 공급계약은 매출 가시성을 높일 수 있지만 계약규모, 기간, 해지조건과 상대방 위험을 확인해야 합니다.",https://dart.fss.or.kr/dsaf001/main.do?rcpNo=20261002800471
2026-10-02,삼성FN리츠,448730,감사의견·재무위험,부정,5020,5040,-0.2,,453900000000,,,,,신규,감사의견·자본잠식·횡령배임 공시는 재무정보 신뢰성과 상장유지 가능성에 영향을 줄 수 있습니다.,https://dart.fss.or.kr/dsaf001/main.do?rcpNo=20261002800465
2026-10-02,에이에프더블류,312610,거래정지·상장폐지 위험,부정,37,40,-5.13,,4900000000,,,,,신규,거래정지·상장폐지 관련 공시는 환금성과 투자원금에 중대한 영향을 줄 수 있습니다.,https://dart.fss.or.kr/dsaf001/main.do?rcpNo=20261002900482
2026-10-02,KS인더스트리,101000,중요 소송,판단 유보,1518,1500,1.2,,14600000000,,,,,신규,중요 소송은 예상손실과 영업 지속성에 영향을 줄 수 있어 청구금액과 진행단계를 확인해야 합니다.,https://dart.fss.or.kr/dsaf001/main.do?rcpNo=20261002000272
2026-10-02,자화전자,033240,자사주 취득,긍정,28300,27600,2.91,,600600000000,,,,,신규,자기주식 취득은 주주환원 신호지만 실제 소각 여부와 취득 규모를 함께 봐야 합니다.,https://dart.fss.or.kr/dsaf001/main.do?rcpNo=20261002000288
2026-10-02,아즈텍WB,032080,주식분할·병합,중립,1010,,0.0,,21700000000,,,,,정정,주식분할·병합은 이론적 기업가치를 바꾸지 않지만 거래단위와 유동성에 영향을 줄 수 있습니다.,https://dart.fss.or.kr/dsaf001/main.do?rcpNo=20261002900501
2026-10-02,일진전기,103590,대규모 공급계약,긍정,86000,85000,3.74,187172249990,4096200000000,4.569,,,9.15,신규,"대규모 공급계약은 매출 가시성을 높일 수 있지만 계약규모, 기간, 해지조건과 상대방 위험을 확인해야 합니다.",https://dart.fss.or.kr/dsaf001/main.do?rcpNo=20261002800002
2026-10-02,신원종합개발,017000,대규모 공급계약,긍정,2325,2275,1.09,37500000000,26700000000,140.449,,,17.75,신규,"대규모 공급계약은 매출 가시성을 높일 수 있지만 계약규모, 기간, 해지조건과 상대방 위험을 확인해야 합니다.",https://dart.fss.or.kr/dsaf001/main.do?rcpNo=20261002900197
2026-10-01,씨피시스템,413630,중요 자산·타법인 지분 거래,판단 유보,4180,4140,0.97,7100000000,148700000000,4.775,,,,정정,"중요 자산·지분 거래는 거래가격의 적정성과 자금조달 부담, 사업구조 변화를 확인해야 합니다.",https://dart.fss.or.kr/dsaf001/main.do?rcpNo=20260930000872
2026-10-01,GRT,900290,잠정실적·실적전망,판단 유보,3530,3635,-2.89,,330200000000,,,,,신규,잠정실적·실적전망은 시장 기대와의 차이가 핵심이므로 전년 대비뿐 아니라 컨센서스 대비를 확인해야 합니다.,https://dart.fss.or.kr/dsaf001/main.do?rcpNo=20261001900004
2026-10-01,GRT,900290,잠정실적·실적전망,판단 유보,3530,3635,-2.89,,330200000000,,,,,신규,잠정실적·실적전망은 시장 기대와의 차이가 핵심이므로 전년 대비뿐 아니라 컨센서스 대비를 확인해야 합니다.,https://dart.fss.or.kr/dsaf001/main.do?rcpNo=20261001900003
2026-10-01,멤레이비티,072770,거래정지·상장폐지 위험,부정,635,700,-3.5,,27900000000,,,,,신규,거래정지·상장폐지 관련 공시는 환금성과 투자원금에 중대한 영향을 줄 수 있습니다.,https://dart.fss.or.kr/dsaf001/main.do?rcpNo=20261001900002
2026-10-01,청보,013720,전환사채(CB),부정,2160,2140,0.0,,25700000000,,,,,신규,전환사채는 자금조달 수단이지만 전환 시 주식 수 증가와 오버행 위험이 발생할 수 있습니다.,https://dart.fss.or.kr/dsaf001/main.do?rcpNo=20260930000878
2026-10-01,엠젠솔루션,032790,유상증자,부정,1270,1274,1.52,,31300000000,,,,,정정,유상증자는 자금조달 목적에 따라 성장재원이 될 수 있지만 기존주주의 지분희석과 할인발행 부담이 발생할 수 있습니다.,https://dart.fss.or.kr/dsaf001/main.do?rcpNo=20260930000870
2026-10-01,씨케이솔루션,480370,대규모 공급계약,긍정,1946,1993,-0.46,22983840000,61400000000,37.433,,,7.9,신규,"대규모 공급계약은 매출 가시성을 높일 수 있지만 계약규모, 기간, 해지조건과 상대방 위험을 확인해야 합니다.",https://dart.fss.or.kr/dsaf001/main.do?rcpNo=20261001800060
2026-10-01,디아이,003160,대규모 공급계약,긍정,43100,41900,3.86,15304500000,1112200000000,1.376,,,3.5,신규,"대규모 공급계약은 매출 가시성을 높일 수 있지만 계약규모, 기간, 해지조건과 상대방 위험을 확인해야 합니다.",https://dart.fss.or.kr/dsaf001/main.do?rcpNo=20261001800054
2026-10-01,두산에너빌리티,034020,대규모 공급계약,긍정,80650,82800,-1.77,837970880392,52846300000000,1.586,,,4.91,신규,"대규모 공급계약은 매출 가시성을 높일 수 있지만 계약규모, 기간, 해지조건과 상대방 위험을 확인해야 합니다.",https://dart.fss.or.kr/dsaf001/main.do?rcpNo=20261001800034
2026-10-01,대한해운,005880,대규모 공급계약,긍정,2130,2100,1.43,71918003486,664900000000,10.816,,,5.63,신규,"대규모 공급계약은 매출 가시성을 높일 수 있지만 계약규모, 기간, 해지조건과 상대방 위험을 확인해야 합니다.",https://dart.fss.or.kr/dsaf001/main.do?rcpNo=20261001800028
2026-10-01,엘에스일렉트릭,010120,대규모 공급계약,긍정,207500,207500,0.73,181229274677,30000000000000,0.604,,,3.65,신규,"대규모 공급계약은 매출 가시성을 높일 수 있지만 계약규모, 기간, 해지조건과 상대방 위험을 확인해야 합니다.",https://dart.fss.or.kr/dsaf001/main.do?rcpNo=20261001800079
2026-10-01,세미파이브,490470,대규모 공급계약,긍정,20600,20300,0.24,120952056617,688200000000,17.575,,,3.0,신규,"대규모 공급계약은 매출 가시성을 높일 수 있지만 계약규모, 기간, 해지조건과 상대방 위험을 확인해야 합니다.",https://dart.fss.or.kr/dsaf001/main.do?rcpNo=20261001900080
2026-10-01,아이에스동서,010780,대규모 공급계약,긍정,14630,14960,-2.01,345142484700,443500000000,77.822,,,27.96,신규,"대규모 공급계약은 매출 가시성을 높일 수 있지만 계약규모, 기간, 해지조건과 상대방 위험을 확인해야 합니다.",https://dart.fss.or.kr/dsaf001/main.do?rcpNo=20261001800062
2026-10-01,LS,006260,대규모 공급계약,긍정,295500,299500,-0.84,181229274677,9250800000000,1.959,,,3.65,신규,"대규모 공급계약은 매출 가시성을 높일 수 있지만 계약규모, 기간, 해지조건과 상대방 위험을 확인해야 합니다.",https://dart.fss.or.kr/dsaf001/main.do?rcpNo=20261001800084
2026-10-01,액트로,290740,자사주 소각,긍정,11430,11820,-0.09,4404741075,118500000000,3.717,,,,신규,자기주식 소각은 발행주식 수 감소를 통해 주당가치에 긍정적으로 작용할 수 있습니다.,https://dart.fss.or.kr/dsaf001/main.do?rcpNo=20261001900092
2026-10-01,이노에이엑스,296640,현금배당,긍정,6100,6010,1.5,1772803200,31800000000,5.575,,,,신규,현금배당은 직접적인 주주환원이지만 배당락일에는 주가 조정 가능성이 있습니다. 배당수익률과 지속가능성을 함께 확인해야 합니다.,https://dart.fss.or.kr/dsaf001/main.do?rcpNo=20261001900087
2026-10-01,제노레이,122310,현금배당,긍정,3295,3310,-0.45,636588900,48200000000,1.321,,,,신규,현금배당은 직접적인 주주환원이지만 배당락일에는 주가 조정 가능성이 있습니다. 배당수익률과 지속가능성을 함께 확인해야 합니다.,https://dart.fss.or.kr/dsaf001/main.do?rcpNo=20261001900280
2026-10-01,뷰티스킨,406820,대규모 공급계약,긍정,2460,2510,-1.4,5000000000,35600000000,14.045,,,9.1,신규,"대규모 공급계약은 매출 가시성을 높일 수 있지만 계약규모, 기간, 해지조건과 상대방 위험을 확인해야 합니다.",https://dart.fss.or.kr/dsaf001/main.do?rcpNo=20261001900286
2026-10-01,다보링크,340360,유상증자,부정,896,924,-2.5,,49300000000,,,,,정정,유상증자는 자금조달 목적에 따라 성장재원이 될 수 있지만 기존주주의 지분희석과 할인발행 부담이 발생할 수 있습니다.,https://dart.fss.or.kr/dsaf001/main.do?rcpNo=20261001000339
2026-10-01,쏘카,403550,자사주 처분,부정,11180,10940,2.95,,416600000000,,,,,신규,자기주식 처분은 매각 목적과 물량에 따라 주식 공급 부담이 될 수 있습니다.,https://dart.fss.or.kr/dsaf001/main.do?rcpNo=20261001000347
2026-10-01,더코디,224060,유상증자,부정,4135,4455,-4.28,,22300000000,,,,,정정,유상증자는 자금조달 목적에 따라 성장재원이 될 수 있지만 기존주주의 지분희석과 할인발행 부담이 발생할 수 있습니다.,https://dart.fss.or.kr/dsaf001/main.do?rcpNo=20261001000343
2026-10-01,메디콕스,054180,거래정지·상장폐지 위험,부정,2295,,0.0,,12700000000,,,,,신규,거래정지·상장폐지 관련 공시는 환금성과 투자원금에 중대한 영향을 줄 수 있습니다.,https://dart.fss.or.kr/dsaf001/main.do?rcpNo=20261001900293
2026-10-01,기아,000270,잠정실적·실적전망,판단 유보,112000,113600,-1.15,,44233800000000,,,,,신규,잠정실적·실적전망은 시장 기대와의 차이가 핵심이므로 전년 대비뿐 아니라 컨센서스 대비를 확인해야 합니다.,https://dart.fss.or.kr/dsaf001/main.do?rcpNo=20261001800325
2026-10-01,GST,083450,자사주 처분,부정,53600,55200,-2.55,1097775000,1008100000000,0.109,,,,신규,자기주식 처분은 매각 목적과 물량에 따라 주식 공급 부담이 될 수 있습니다.,https://dart.fss.or.kr/dsaf001/main.do?rcpNo=20261001000344
2026-10-01,메디콕스,054180,거래정지·상장폐지 위험,부정,2295,,0.0,,12700000000,,,,,신규,거래정지·상장폐지 관련 공시는 환금성과 투자원금에 중대한 영향을 줄 수 있습니다.,https://dart.fss.or.kr/dsaf001/main.do?rcpNo=20261001900307
2026-10-01,금양,001570,분할·분할합병,판단 유보,9900,,0.0,,633300000000,,,,,정정,분할은 사업가치 재평가 가능성과 지주회사 할인·재상장 불확실성을 함께 검토해야 합니다.,https://dart.fss.or.kr/dsaf001/main.do?rcpNo=20261001000328
2026-10-01,S&K폴리텍,091340,합병·주식교환,판단 유보,2650,2645,0.19,,31200000000,,,,,정정,합병·주식교환은 교환비율과 지배구조 변화에 따라 주주별 이해관계가 달라집니다.,https://dart.fss.or.kr/dsaf001/main.do?rcpNo=20261001000382
2026-10-01,더코디,224060,유상증자,부정,4135,4455,-4.28,,22300000000,,,,,정정,유상증자는 자금조달 목적에 따라 성장재원이 될 수 있지만 기존주주의 지분희석과 할인발행 부담이 발생할 수 있습니다.,https://dart.fss.or.kr/dsaf001/main.do?rcpNo=20261001000354
2026-10-01,케이쓰리아이,431190,유상증자,부정,4515,4625,-1.42,,34500000000,,,,,정정,유상증자는 자금조달 목적에 따라 성장재원이 될 수 있지만 기존주주의 지분희석과 할인발행 부담이 발생할 수 있습니다.,https://dart.fss.or.kr/dsaf001/main.do?rcpNo=20261001000359
2026-10-01,쏘카,403550,자사주 소각,긍정,11180,10940,2.95,2999919480,416600000000,0.72,,,,신규,자기주식 소각은 발행주식 수 감소를 통해 주당가치에 긍정적으로 작용할 수 있습니다.,https://dart.fss.or.kr/dsaf001/main.do?rcpNo=20261001800354
2026-10-01,금호건설,002990,대규모 공급계약,긍정,12280,12340,0.16,111159692902,459000000000,24.218,,,5.81,정정,"대규모 공급계약은 매출 가시성을 높일 수 있지만 계약규모, 기간, 해지조건과 상대방 위험을 확인해야 합니다.",https://dart.fss.or.kr/dsaf001/main.do?rcpNo=20261001800345
2026-10-01,S-Oil,010950,최대주주 변경,판단 유보,161900,151400,8.8,,17033800000000,,,,,신규,최대주주 변경은 경영권과 사업전략 변화 가능성을 높이지만 인수주체와 자금출처 검증이 필요합니다.,https://dart.fss.or.kr/dsaf001/main.do?rcpNo=20261001800285
2026-10-01,팬오션,028670,대규모 공급계약,긍정,6130,5940,4.25,95831439610,3137900000000,3.054,,,1.8,신규,"대규모 공급계약은 매출 가시성을 높일 수 있지만 계약규모, 기간, 해지조건과 상대방 위험을 확인해야 합니다.",https://dart.fss.or.kr/dsaf001/main.do?rcpNo=20261001800378
2026-10-01,다보링크,340360,유상증자,부정,896,924,-2.5,,49300000000,,,,,신규,유상증자는 자금조달 목적에 따라 성장재원이 될 수 있지만 기존주주의 지분희석과 할인발행 부담이 발생할 수 있습니다.,https://dart.fss.or.kr/dsaf001/main.do?rcpNo=20261001000364
2026-10-01,모아라이프플러스,142760,최대주주 변경,판단 유보,479,481,-0.62,,10200000000,,,,,정정,최대주주 변경은 경영권과 사업전략 변화 가능성을 높이지만 인수주체와 자금출처 검증이 필요합니다.,https://dart.fss.or.kr/dsaf001/main.do?rcpNo=20261001900383
2026-10-01,우진아이엔에스,010400,대규모 공급계약,긍정,4145,4070,1.34,,32500000000,,,,9.9,정정,"대규모 공급계약은 매출 가시성을 높일 수 있지만 계약규모, 기간, 해지조건과 상대방 위험을 확인해야 합니다.",https://dart.fss.or.kr/dsaf001/main.do?rcpNo=20261001800352
2026-10-01,KG모빌리티,003620,잠정실적·실적전망,판단 유보,2535,2510,0.6,,508000000000,,,,,신규,잠정실적·실적전망은 시장 기대와의 차이가 핵심이므로 전년 대비뿐 아니라 컨센서스 대비를 확인해야 합니다.,https://dart.fss.or.kr/dsaf001/main.do?rcpNo=20261001800360
2026-10-01,샤페론,378800,잠정실적·실적전망,판단 유보,2660,2565,4.93,,23400000000,,,,,신규,잠정실적·실적전망은 시장 기대와의 차이가 핵심이므로 전년 대비뿐 아니라 컨센서스 대비를 확인해야 합니다.,https://dart.fss.or.kr/dsaf001/main.do?rcpNo=20261001900342
2026-10-01,쏘카,403550,자사주 취득,긍정,11180,10940,2.95,,416600000000,,,,,신규,자기주식 취득은 주주환원 신호지만 실제 소각 여부와 취득 규모를 함께 봐야 합니다.,https://dart.fss.or.kr/dsaf001/main.do?rcpNo=20261001000418
2026-10-01,롯데관광개발,032350,잠정실적·실적전망,판단 유보,10830,11680,-7.83,,920000000000,,,,,신규,잠정실적·실적전망은 시장 기대와의 차이가 핵심이므로 전년 대비뿐 아니라 컨센서스 대비를 확인해야 합니다.,https://dart.fss.or.kr/dsaf001/main.do?rcpNo=20261001800355
2026-10-01,현대자동차,005380,잠정실적·실적전망,판단 유보,345500,349500,-1.0,,71009800000000,,,,,신규,잠정실적·실적전망은 시장 기대와의 차이가 핵심이므로 전년 대비뿐 아니라 컨센서스 대비를 확인해야 합니다.,https://dart.fss.or.kr/dsaf001/main.do?rcpNo=20261001800412
2026-10-01,엘브이엠씨,900140,주식분할·병합,중립,1179,1188,-1.5,,230300000000,,,,,신규,주식분할·병합은 이론적 기업가치를 바꾸지 않지만 거래단위와 유동성에 영향을 줄 수 있습니다.,https://dart.fss.or.kr/dsaf001/main.do?rcpNo=20261001800409
2026-10-01,이브이첨단소재,131400,거래정지·상장폐지 위험,부정,766,,0.0,,45600000000,,,,,신규,거래정지·상장폐지 관련 공시는 환금성과 투자원금에 중대한 영향을 줄 수 있습니다.,https://dart.fss.or.kr/dsaf001/main.do?rcpNo=20261001900431
2026-10-01,삼천당제약,000250,대규모 공급계약,긍정,195100,200000,-2.16,,4677400000000,,,,,정정,"대규모 공급계약은 매출 가시성을 높일 수 있지만 계약규모, 기간, 해지조건과 상대방 위험을 확인해야 합니다.",https://dart.fss.or.kr/dsaf001/main.do?rcpNo=20261001900395
2026-10-01,프리티,006490,전환사채(CB),부정,1385,1423,-2.67,,25300000000,,,,,정정,전환사채는 자금조달 수단이지만 전환 시 주식 수 증가와 오버행 위험이 발생할 수 있습니다.,https://dart.fss.or.kr/dsaf001/main.do?rcpNo=20261001000450
2026-10-01,중앙첨단소재,051980,주식분할·병합,중립,10140,10700,-2.03,,115000000000,,,,,신규,주식분할·병합은 이론적 기업가치를 바꾸지 않지만 거래단위와 유동성에 영향을 줄 수 있습니다.,https://dart.fss.or.kr/dsaf001/main.do?rcpNo=20261001900449
2026-10-01,가온칩스,399720,대규모 공급계약,긍정,48275,48900,-0.26,17880400000,574000000000,3.115,,,18.53,정정,"대규모 공급계약은 매출 가시성을 높일 수 있지만 계약규모, 기간, 해지조건과 상대방 위험을 확인해야 합니다.",https://dart.fss.or.kr/dsaf001/main.do?rcpNo=20261001900382
2026-10-01,미스토홀딩스,081660,현금배당,긍정,38050,37700,1.6,50240860800,2004200000000,2.507,,,,신규,현금배당은 직접적인 주주환원이지만 배당락일에는 주가 조정 가능성이 있습니다. 배당수익률과 지속가능성을 함께 확인해야 합니다.,https://dart.fss.or.kr/dsaf001/main.do?rcpNo=20261001800467
2026-10-01,미스토홀딩스,081660,현금배당,판단 유보,38050,37700,1.6,,2004200000000,,,,,신규,"배당 기준일을 정한 공시로, 배당 실시 여부와 금액은 아직 확정되지 않았을 수 있습니다. 추후 배당 결정 공시를 확인해야 합니다.",https://dart.fss.or.kr/dsaf001/main.do?rcpNo=20261001800456
2026-10-01,아이비젼웍스,469750,주식분할·병합,중립,5840,6440,17.86,,34100000000,,,,,신규,주식분할·병합은 이론적 기업가치를 바꾸지 않지만 거래단위와 유동성에 영향을 줄 수 있습니다.,https://dart.fss.or.kr/dsaf001/main.do?rcpNo=20261001900438
2026-10-01,퀄리타스반도체,432720,대규모 공급계약,긍정,12120,12140,1.42,5350047190,169000000000,3.166,,,3.0,신규,"대규모 공급계약은 매출 가시성을 높일 수 있지만 계약규모, 기간, 해지조건과 상대방 위험을 확인해야 합니다.",https://dart.fss.or.kr/dsaf001/main.do?rcpNo=20261001900420
2026-10-01,삼성바이오로직스,207940,유상증자,부정,1371000,1421000,-3.31,,66103500000000,,,,,정정,유상증자는 자금조달 목적에 따라 성장재원이 될 수 있지만 기존주주의 지분희석과 할인발행 부담이 발생할 수 있습니다.,https://dart.fss.or.kr/dsaf001/main.do?rcpNo=20261001000449
2026-10-01,에프에스티,036810,최대주주 변경,판단 유보,36350,35300,4.76,,758800000000,,,,,신규,최대주주 변경은 경영권과 사업전략 변화 가능성을 높이지만 인수주체와 자금출처 검증이 필요합니다.,https://dart.fss.or.kr/dsaf001/main.do?rcpNo=20261001900464
2026-10-01,엑스플러스,373200,유상증자,부정,1845,1706,8.53,,44800000000,,,,,정정,유상증자는 자금조달 목적에 따라 성장재원이 될 수 있지만 기존주주의 지분희석과 할인발행 부담이 발생할 수 있습니다.,https://dart.fss.or.kr/dsaf001/main.do?rcpNo=20261001000451
2026-10-01,삼성바이오로직스,207940,유상증자,부정,1371000,1421000,-3.31,,66103500000000,,,,,정정,유상증자는 자금조달 목적에 따라 성장재원이 될 수 있지만 기존주주의 지분희석과 할인발행 부담이 발생할 수 있습니다.,https://dart.fss.or.kr/dsaf001/main.do?rcpNo=20261001000477
2026-10-01,에스제이그룹,306040,자사주 취득,긍정,1965,1936,29.96,,14000000000,,,,,신규,자기주식 취득은 주주환원 신호지만 실제 소각 여부와 취득 규모를 함께 봐야 합니다.,https://dart.fss.or.kr/dsaf001/main.do?rcpNo=20261001000479
2026-10-01,아이쓰리시스템,214430,대규모 공급계약,긍정,75100,83200,2.46,61819920000,612300000000,10.096,,,49.74,신규,"대규모 공급계약은 매출 가시성을 높일 수 있지만 계약규모, 기간, 해지조건과 상대방 위험을 확인해야 합니다.",https://dart.fss.or.kr/dsaf001/main.do?rcpNo=20261001900495
2026-10-01,젬백스,082270,최대주주 변경,판단 유보,11200,11150,-0.09,,507600000000,,,,,정정,최대주주 변경은 경영권과 사업전략 변화 가능성을 높이지만 인수주체와 자금출처 검증이 필요합니다.,https://dart.fss.or.kr/dsaf001/main.do?rcpNo=20261001900476
2026-10-01,솔브레인홀딩스,036830,합병·주식교환,판단 유보,48050,44450,8.1,,904200000000,,,,,신규,합병·주식교환은 교환비율과 지배구조 변화에 따라 주주별 이해관계가 달라집니다.,https://dart.fss.or.kr/dsaf001/main.do?rcpNo=20261001000489
2026-10-01,KS인더스트리,101000,최대주주 변경,판단 유보,1421,1500,-5.27,,14900000000,,,,,신규,최대주주 변경은 경영권과 사업전략 변화 가능성을 높이지만 인수주체와 자금출처 검증이 필요합니다.,https://dart.fss.or.kr/dsaf001/main.do?rcpNo=20261001900530
2026-10-01,솔브레인홀딩스,036830,부도·회생·영업정지,부정,48050,44450,8.1,,904200000000,,,,,신규,부도·회생·영업정지는 기업의 계속기업 가능성에 직접적인 위험신호입니다.,https://dart.fss.or.kr/dsaf001/main.do?rcpNo=20261001900545
2026-10-01,핑거,163730,유상증자,부정,14620,14500,0.83,,184800000000,,,,,신규,유상증자는 자금조달 목적에 따라 성장재원이 될 수 있지만 기존주주의 지분희석과 할인발행 부담이 발생할 수 있습니다.,https://dart.fss.or.kr/dsaf001/main.do?rcpNo=20261001900546
2026-10-01,엘브이엠씨,900140,자사주 소각,긍정,1179,1188,-1.5,368416344,230300000000,0.16,,,,신규,자기주식 소각은 발행주식 수 감소를 통해 주당가치에 긍정적으로 작용할 수 있습니다.,https://dart.fss.or.kr/dsaf001/main.do?rcpNo=20261001800588
2026-10-01,엔시스,333620,전환사채(CB),부정,5030,5090,0.6,,55800000000,,,,,신규,전환사채는 자금조달 수단이지만 전환 시 주식 수 증가와 오버행 위험이 발생할 수 있습니다.,https://dart.fss.or.kr/dsaf001/main.do?rcpNo=20261001000515
2026-10-01,오이솔루션,138080,최대주주 변경,판단 유보,32450,30900,9.26,,370100000000,,,,,정정,최대주주 변경은 경영권과 사업전략 변화 가능성을 높이지만 인수주체와 자금출처 검증이 필요합니다.,https://dart.fss.or.kr/dsaf001/main.do?rcpNo=20261001900580
2026-10-01,우진엔텍,457550,거래정지·상장폐지 위험,부정,14130,,0.0,,131100000000,,,,,신규,거래정지·상장폐지 관련 공시는 환금성과 투자원금에 중대한 영향을 줄 수 있습니다.,https://dart.fss.or.kr/dsaf001/main.do?rcpNo=20261001900586
2026-10-01,에이엔피,015260,거래정지·상장폐지 위험,부정,215,241,-11.16,,11400000000,,,,,신규,거래정지·상장폐지 관련 공시는 환금성과 투자원금에 중대한 영향을 줄 수 있습니다.,https://dart.fss.or.kr/dsaf001/main.do?rcpNo=20261001800636
2026-10-01,S-Oil,010950,최대주주 변경,판단 유보,161900,151400,8.8,,17033800000000,,,,,신규,최대주주 변경은 경영권과 사업전략 변화 가능성을 높이지만 인수주체와 자금출처 검증이 필요합니다.,https://dart.fss.or.kr/dsaf001/main.do?rcpNo=20261001800642
2026-10-01,휴맥스,115160,최대주주 변경,판단 유보,5460,5430,0.55,,24600000000,,,,,신규,최대주주 변경은 경영권과 사업전략 변화 가능성을 높이지만 인수주체와 자금출처 검증이 필요합니다.,https://dart.fss.or.kr/dsaf001/main.do?rcpNo=20261001900577
2026-10-01,우진엔텍,457550,거래정지·상장폐지 위험,부정,14130,,0.0,,131100000000,,,,,신규,거래정지·상장폐지 관련 공시는 환금성과 투자원금에 중대한 영향을 줄 수 있습니다.,https://dart.fss.or.kr/dsaf001/main.do?rcpNo=20261001900675
2026-10-01,대진첨단소재,393970,합병·주식교환,판단 유보,2825,,0.0,,50400000000,,,,,정정,합병·주식교환은 교환비율과 지배구조 변화에 따라 주주별 이해관계가 달라집니다.,https://dart.fss.or.kr/dsaf001/main.do?rcpNo=20261001000567
2026-10-01,삼성물산,028260,유상증자,부정,343500,347000,-1.01,,55947800000000,,,,,정정,유상증자는 자금조달 목적에 따라 성장재원이 될 수 있지만 기존주주의 지분희석과 할인발행 부담이 발생할 수 있습니다.,https://dart.fss.or.kr/dsaf001/main.do?rcpNo=20261001800695
2026-10-01,진코스텍,250030,유상증자,부정,28250,28050,0.71,,,,,,,정정,유상증자는 자금조달 목적에 따라 성장재원이 될 수 있지만 기존주주의 지분희석과 할인발행 부담이 발생할 수 있습니다.,https://dart.fss.or.kr/dsaf001/main.do?rcpNo=20261001000586
2026-10-01,선도전기,007610,대규모 공급계약,긍정,4350,4450,0.69,4350000000,78900000000,5.513,,,11.4,신규,"대규모 공급계약은 매출 가시성을 높일 수 있지만 계약규모, 기간, 해지조건과 상대방 위험을 확인해야 합니다.",https://dart.fss.or.kr/dsaf001/main.do?rcpNo=20261001800702
2026-10-01,우진엔텍,457550,거래정지·상장폐지 위험,부정,14130,,0.0,,131100000000,,,,,신규,거래정지·상장폐지 관련 공시는 환금성과 투자원금에 중대한 영향을 줄 수 있습니다.,https://dart.fss.or.kr/dsaf001/main.do?rcpNo=20261001900700
2026-10-01,대진첨단소재,393970,합병·주식교환,판단 유보,2825,,0.0,,50400000000,,,,,철회,합병·주식교환은 교환비율과 지배구조 변화에 따라 주주별 이해관계가 달라집니다.,https://dart.fss.or.kr/dsaf001/main.do?rcpNo=20261001900709
2026-10-01,유디엠텍,389680,거래정지·상장폐지 위험,부정,2970,2980,-0.5,,24800000000,,,,,신규,거래정지·상장폐지 관련 공시는 환금성과 투자원금에 중대한 영향을 줄 수 있습니다.,https://dart.fss.or.kr/dsaf001/main.do?rcpNo=20261001900690
2026-10-01,CJ씨푸드,011150,거래정지·상장폐지 위험,부정,1893,1901,-0.42,,68400000000,,,,,신규,거래정지·상장폐지 관련 공시는 환금성과 투자원금에 중대한 영향을 줄 수 있습니다.,https://dart.fss.or.kr/dsaf001/main.do?rcpNo=20261001800721
2026-10-01,한국카본,017960,현금배당,긍정,20550,20300,1.23,5167648600,1046400000000,0.494,,,,신규,현금배당은 직접적인 주주환원이지만 배당락일에는 주가 조정 가능성이 있습니다. 배당수익률과 지속가능성을 함께 확인해야 합니다.,https://dart.fss.or.kr/dsaf001/main.do?rcpNo=20261001800104
2026-10-01,스카이랩스,386380,대규모 공급계약,긍정,18520,18280,-0.96,4900000000,349500000000,1.402,,,61.74,신규,"대규모 공급계약은 매출 가시성을 높일 수 있지만 계약규모, 기간, 해지조건과 상대방 위험을 확인해야 합니다.",https://dart.fss.or.kr/dsaf001/main.do?rcpNo=20261001900122
2026-10-01,엠에스오토텍,123040,자사주 처분,부정,1631,1670,-0.12,,102100000000,,,,,신규,자기주식 처분은 매각 목적과 물량에 따라 주식 공급 부담이 될 수 있습니다.,https://dart.fss.or.kr/dsaf001/main.do?rcpNo=20261001000134
2026-10-01,하나금융지주,086790,자사주 소각,긍정,129000,129000,0.55,250000000000,34711200000000,0.72,,,,정정,자기주식 소각은 발행주식 수 감소를 통해 주당가치에 긍정적으로 작용할 수 있습니다.,https://dart.fss.or.kr/dsaf001/main.do?rcpNo=20261001800144
2026-10-01,LG에너지솔루션,373220,대규모 공급계약,긍정,363000,353500,0.69,1281310030251,84240000000000,1.521,,,3.8,정정,"대규모 공급계약은 매출 가시성을 높일 수 있지만 계약규모, 기간, 해지조건과 상대방 위험을 확인해야 합니다.",https://dart.fss.or.kr/dsaf001/main.do?rcpNo=20261001800119
2026-10-01,성광벤드,014620,자사주 취득,긍정,30450,31000,-1.46,,822000000000,,,,,신규,자기주식 취득은 주주환원 신호지만 실제 소각 여부와 취득 규모를 함께 봐야 합니다.,https://dart.fss.or.kr/dsaf001/main.do?rcpNo=20261001000062
2026-10-01,뉴로메카,348340,대규모 공급계약,긍정,22050,20950,5.5,1980000000,486900000000,0.407,,,10.45,신규,"대규모 공급계약은 매출 가시성을 높일 수 있지만 계약규모, 기간, 해지조건과 상대방 위험을 확인해야 합니다.",https://dart.fss.or.kr/dsaf001/main.do?rcpNo=20261001900148
2026-10-01,핀텔,291810,거래정지·상장폐지 위험,부정,409,,0.0,,400000000,,,,,신규,거래정지·상장폐지 관련 공시는 환금성과 투자원금에 중대한 영향을 줄 수 있습니다.,https://dart.fss.or.kr/dsaf001/main.do?rcpNo=20261001900243
2026-10-01,KS인더스트리,101000,중요 소송,판단 유보,1421,1500,-5.27,,15000000000,,,,,정정,중요 소송은 예상손실과 영업 지속성에 영향을 줄 수 있어 청구금액과 진행단계를 확인해야 합니다.,https://dart.fss.or.kr/dsaf001/main.do?rcpNo=20261001000226
2026-10-01,쏘카,403550,자사주 처분,부정,11180,10940,2.95,,407100000000,,,,,신규,자기주식 처분은 매각 목적과 물량에 따라 주식 공급 부담이 될 수 있습니다.,https://dart.fss.or.kr/dsaf001/main.do?rcpNo=20261001000162
2026-10-01,더코디,224060,전환사채(CB),부정,4135,4455,-4.28,,22300000000,,,,,정정,전환사채는 자금조달 수단이지만 전환 시 주식 수 증가와 오버행 위험이 발생할 수 있습니다.,https://dart.fss.or.kr/dsaf001/main.do?rcpNo=20261001000144
2026-10-01,MH에탄올,023150,무상증자,중립,4375,4500,0.11,,27100000000,,,,,신규,무상증자는 주식 수를 늘리지만 기업가치 자체를 증가시키지는 않습니다. 유동성 및 단기 수급효과를 구분해야 합니다.,https://dart.fss.or.kr/dsaf001/main.do?rcpNo=20261001000135
2026-10-01,MH에탄올,023150,거래정지·상장폐지 위험,부정,4375,4500,0.11,,27100000000,,,,,신규,거래정지·상장폐지 관련 공시는 환금성과 투자원금에 중대한 영향을 줄 수 있습니다.,https://dart.fss.or.kr/dsaf001/main.do?rcpNo=20261001800166
2026-10-01,에스에스알,275630,영업양수도,판단 유보,3710,3800,-2.37,,19300000000,,,,,신규,영업양수도는 회사의 핵심 사업과 이익구조를 바꿀 수 있어 거래범위와 대가가 중요합니다.,https://dart.fss.or.kr/dsaf001/main.do?rcpNo=20261001000146
2026-10-01,핀텔,291810,거래정지·상장폐지 위험,부정,409,,0.0,,400000000,,,,,신규,거래정지·상장폐지 관련 공시는 환금성과 투자원금에 중대한 영향을 줄 수 있습니다.,https://dart.fss.or.kr/dsaf001/main.do?rcpNo=20261001900242
2026-09-30,에스에너지,095910,거래정지·상장폐지 위험,부정,575,549,4.74,,19900000000,,,,,신규,거래정지·상장폐지 관련 공시는 환금성과 투자원금에 중대한 영향을 줄 수 있습니다.,https://dart.fss.or.kr/dsaf001/main.do?rcpNo=20260930901182
2026-09-30,비케이홀딩스,050090,유상증자,부정,696,,0.0,,14300000000,,,,,정정,유상증자는 자금조달 목적에 따라 성장재원이 될 수 있지만 기존주주의 지분희석과 할인발행 부담이 발생할 수 있습니다.,https://dart.fss.or.kr/dsaf001/main.do?rcpNo=20260930000795
2026-09-30,파라다이스,034230,일반 회사채,판단 유보,9320,9500,-1.69,30000000000,869800000000,3.449,,,,신규,일반 회사채 발행은 주식 희석 없이 자금을 조달하지만 약정된 이자와 만기상환 부담이 발생합니다.,https://dart.fss.or.kr/dsaf001/main.do?rcpNo=20260930000816
2026-09-30,동아쏘시오홀딩스,000640,대규모 공급계약,긍정,94800,95900,-0.63,7542000000,624100000000,1.208,,,7.3,정정,"대규모 공급계약은 매출 가시성을 높일 수 있지만 계약규모, 기간, 해지조건과 상대방 위험을 확인해야 합니다.",https://dart.fss.or.kr/dsaf001/main.do?rcpNo=20260930801114
2026-09-30,SK,034730,일반 회사채,판단 유보,568000,591000,-3.24,,42631600000000,,,,,정정,일반 회사채 발행은 주식 희석 없이 자금을 조달하지만 약정된 이자와 만기상환 부담이 발생합니다.,https://dart.fss.or.kr/dsaf001/main.do?rcpNo=20260930000821
2026-09-30,한화투자증권,003530,유상증자,부정,4640,4630,0.11,,993400000000,,,,,신규,유상증자는 자금조달 목적에 따라 성장재원이 될 수 있지만 기존주주의 지분희석과 할인발행 부담이 발생할 수 있습니다.,https://dart.fss.or.kr/dsaf001/main.do?rcpNo=20260930000770
2026-09-30,SK,034730,일반 회사채,판단 유보,568000,591000,-3.24,,42631600000000,,,,,정정,일반 회사채 발행은 주식 희석 없이 자금을 조달하지만 약정된 이자와 만기상환 부담이 발생합니다.,https://dart.fss.or.kr/dsaf001/main.do?rcpNo=20260930000827
2026-09-30,한화생명,088350,유상증자,부정,5240,5270,-0.95,,4672700000000,,,,,신규,유상증자는 자금조달 목적에 따라 성장재원이 될 수 있지만 기존주주의 지분희석과 할인발행 부담이 발생할 수 있습니다.,https://dart.fss.or.kr/dsaf001/main.do?rcpNo=20260930801232
2026-09-30,동성제약,002210,중요 소송,판단 유보,1289,1297,-0.62,,123300000000,,,,,신규,중요 소송은 예상손실과 영업 지속성에 영향을 줄 수 있어 청구금액과 진행단계를 확인해야 합니다.,https://dart.fss.or.kr/dsaf001/main.do?rcpNo=20260930801211
2026-09-30,엠투엔,033310,최대주주 변경,판단 유보,1467,1446,-0.14,,59800000000,,,,,정정,최대주주 변경은 경영권과 사업전략 변화 가능성을 높이지만 인수주체와 자금출처 검증이 필요합니다.,https://dart.fss.or.kr/dsaf001/main.do?rcpNo=20260930901217
2026-09-30,한화솔루션,009830,유상증자,부정,35500,34250,3.65,,7443900000000,,,,,신규,유상증자는 자금조달 목적에 따라 성장재원이 될 수 있지만 기존주주의 지분희석과 할인발행 부담이 발생할 수 있습니다.,https://dart.fss.or.kr/dsaf001/main.do?rcpNo=20260930801200
2026-09-30,코난테크놀로지,402030,최대주주 변경,판단 유보,12860,12990,0.55,,156500000000,,,,,정정,최대주주 변경은 경영권과 사업전략 변화 가능성을 높이지만 인수주체와 자금출처 검증이 필요합니다.,https://dart.fss.or.kr/dsaf001/main.do?rcpNo=20260930901220
2026-09-30,와이엠티,251370,중요 소송,판단 유보,9120,9050,1.11,74845105,155800000000,0.048,,,,정정,중요 소송은 예상손실과 영업 지속성에 영향을 줄 수 있어 청구금액과 진행단계를 확인해야 합니다.,https://dart.fss.or.kr/dsaf001/main.do?rcpNo=20260930901261
2026-09-30,이지케어텍,099750,대규모 공급계약,긍정,7240,7210,-0.69,,98600000000,,,,14.8,정정,"대규모 공급계약은 매출 가시성을 높일 수 있지만 계약규모, 기간, 해지조건과 상대방 위험을 확인해야 합니다.",https://dart.fss.or.kr/dsaf001/main.do?rcpNo=20260930901231
2026-09-30,윌비스,008600,부도·회생·영업정지,부정,2620,,0.0,,17600000000,,,,,신규,부도·회생·영업정지는 기업의 계속기업 가능성에 직접적인 위험신호입니다.,https://dart.fss.or.kr/dsaf001/main.do?rcpNo=20260930801234
2026-09-30,LS,006260,대규모 공급계약,긍정,295500,299500,-0.84,236303577640,9672000000000,2.443,,,3.49,정정,"대규모 공급계약은 매출 가시성을 높일 수 있지만 계약규모, 기간, 해지조건과 상대방 위험을 확인해야 합니다.",https://dart.fss.or.kr/dsaf001/main.do?rcpNo=20260930801256
2026-09-30,LS,006260,대규모 공급계약,긍정,295500,299500,-0.84,216233341707,9672000000000,2.236,,,3.2,정정,"대규모 공급계약은 매출 가시성을 높일 수 있지만 계약규모, 기간, 해지조건과 상대방 위험을 확인해야 합니다.",https://dart.fss.or.kr/dsaf001/main.do?rcpNo=20260930801255
2026-09-30,엑스플러스,373200,유상증자,부정,1845,1706,8.53,,46700000000,,,,,신규,유상증자는 자금조달 목적에 따라 성장재원이 될 수 있지만 기존주주의 지분희석과 할인발행 부담이 발생할 수 있습니다.,https://dart.fss.or.kr/dsaf001/main.do?rcpNo=20260930000823
2026-09-30,위드텍,348350,대규모 공급계약,긍정,9880,9770,1.13,12371425070,92800000000,13.331,,,28.36,정정,"대규모 공급계약은 매출 가시성을 높일 수 있지만 계약규모, 기간, 해지조건과 상대방 위험을 확인해야 합니다.",https://dart.fss.or.kr/dsaf001/main.do?rcpNo=20260930901249
2026-09-30,위드텍,348350,대규모 공급계약,긍정,9880,9770,1.13,4151600000,92800000000,4.474,,,7.18,신규,"대규모 공급계약은 매출 가시성을 높일 수 있지만 계약규모, 기간, 해지조건과 상대방 위험을 확인해야 합니다.",https://dart.fss.or.kr/dsaf001/main.do?rcpNo=20260930901244
2026-09-30,엑시온그룹,069920,중요 자산·타법인 지분 거래,판단 유보,1196,1099,15.22,38000000000,24700000000,153.846,,,,정정,"중요 자산·지분 거래는 거래가격의 적정성과 자금조달 부담, 사업구조 변화를 확인해야 합니다.",https://dart.fss.or.kr/dsaf001/main.do?rcpNo=20260930000858
2026-09-30,예선테크,250930,거래정지·상장폐지 위험,부정,493,497,6.02,,600000000,,,,,신규,거래정지·상장폐지 관련 공시는 환금성과 투자원금에 중대한 영향을 줄 수 있습니다.,https://dart.fss.or.kr/dsaf001/main.do?rcpNo=20260930901268
2026-09-30,썸에이지,208640,거래정지·상장폐지 위험,부정,717,751,-6.52,,11400000000,,,,,신규,거래정지·상장폐지 관련 공시는 환금성과 투자원금에 중대한 영향을 줄 수 있습니다.,https://dart.fss.or.kr/dsaf001/main.do?rcpNo=20260930900934
2026-09-30,디앤디플랫폼리츠,377190,부도·회생·영업정지,부정,1986,1997,-0.55,,176500000000,,,,,신규,부도·회생·영업정지는 기업의 계속기업 가능성에 직접적인 위험신호입니다.,https://dart.fss.or.kr/dsaf001/main.do?rcpNo=20260930801266
2026-09-30,티에스아이,277880,대규모 공급계약,긍정,3700,3695,1.79,24097700000,70800000000,34.036,,,35.8,정정,"대규모 공급계약은 매출 가시성을 높일 수 있지만 계약규모, 기간, 해지조건과 상대방 위험을 확인해야 합니다.",https://dart.fss.or.kr/dsaf001/main.do?rcpNo=20260930901271
2026-09-30,해성에어로보틱스,059270,최대주주 변경,판단 유보,5570,5550,0.91,,61000000000,,,,,신규,최대주주 변경은 경영권과 사업전략 변화 가능성을 높이지만 인수주체와 자금출처 검증이 필요합니다.,https://dart.fss.or.kr/dsaf001/main.do?rcpNo=20260930901287
2026-09-30,바이오인프라,199730,거래정지·상장폐지 위험,부정,608,595,1.0,,3300000000,,,,,신규,거래정지·상장폐지 관련 공시는 환금성과 투자원금에 중대한 영향을 줄 수 있습니다.,https://dart.fss.or.kr/dsaf001/main.do?rcpNo=20260930901293
2026-09-30,창해에탄올,004650,최대주주 변경,판단 유보,9320,9320,0.43,,85600000000,,,,,신규,최대주주 변경은 경영권과 사업전략 변화 가능성을 높이지만 인수주체와 자금출처 검증이 필요합니다.,https://dart.fss.or.kr/dsaf001/main.do?rcpNo=20260930901269
2026-09-30,해성에어로보틱스,059270,최대주주 변경,판단 유보,5570,5550,0.91,,61000000000,,,,,철회,최대주주 변경은 경영권과 사업전략 변화 가능성을 높이지만 인수주체와 자금출처 검증이 필요합니다.,https://dart.fss.or.kr/dsaf001/main.do?rcpNo=20260930901228
2026-09-30,앤씨앤,092600,거래정지·상장폐지 위험,부정,2770,2620,5.12,,13300000000,,,,,신규,거래정지·상장폐지 관련 공시는 환금성과 투자원금에 중대한 영향을 줄 수 있습니다.,https://dart.fss.or.kr/dsaf001/main.do?rcpNo=20260930901252
2026-09-30,캐리,313760,거래정지·상장폐지 위험,부정,468,,0.0,,400000000,,,,,신규,거래정지·상장폐지 관련 공시는 환금성과 투자원금에 중대한 영향을 줄 수 있습니다.,https://dart.fss.or.kr/dsaf001/main.do?rcpNo=20260930901298
2026-09-30,미코,059090,최대주주 변경,판단 유보,23750,23500,0.42,,771900000000,,,,,정정,최대주주 변경은 경영권과 사업전략 변화 가능성을 높이지만 인수주체와 자금출처 검증이 필요합니다.,https://dart.fss.or.kr/dsaf001/main.do?rcpNo=20260930901280
2026-09-30,동아지질,028100,대규모 공급계약,긍정,19750,19760,-0.1,,222600000000,,,,17.4,정정,"대규모 공급계약은 매출 가시성을 높일 수 있지만 계약규모, 기간, 해지조건과 상대방 위험을 확인해야 합니다.",https://dart.fss.or.kr/dsaf001/main.do?rcpNo=20260930801285
2026-09-30,케이엔알시스템,199430,대규모 공급계약,긍정,17810,17790,0.06,2502409091,196600000000,1.273,,,13.5,정정,"대규모 공급계약은 매출 가시성을 높일 수 있지만 계약규모, 기간, 해지조건과 상대방 위험을 확인해야 합니다.",https://dart.fss.or.kr/dsaf001/main.do?rcpNo=20260930901316
2026-09-30,핀텔,291810,거래정지·상장폐지 위험,부정,409,,0.0,,400000000,,,,,신규,거래정지·상장폐지 관련 공시는 환금성과 투자원금에 중대한 영향을 줄 수 있습니다.,https://dart.fss.or.kr/dsaf001/main.do?rcpNo=20260930901288
2026-09-30,CNT85,056730,거래정지·상장폐지 위험,부정,1239,1199,4.12,,18300000000,,,,,신규,거래정지·상장폐지 관련 공시는 환금성과 투자원금에 중대한 영향을 줄 수 있습니다.,https://dart.fss.or.kr/dsaf001/main.do?rcpNo=20260930901275
2026-09-30,KZ정밀,036560,최대주주 변경,판단 유보,12010,12000,-0.17,,189300000000,,,,,정정,최대주주 변경은 경영권과 사업전략 변화 가능성을 높이지만 인수주체와 자금출처 검증이 필요합니다.,https://dart.fss.or.kr/dsaf001/main.do?rcpNo=20260930901274
2026-09-30,에이비온,203400,거래정지·상장폐지 위험,부정,676,,0.0,,60900000000,,,,,신규,거래정지·상장폐지 관련 공시는 환금성과 투자원금에 중대한 영향을 줄 수 있습니다.,https://dart.fss.or.kr/dsaf001/main.do?rcpNo=20260930901297
2026-09-30,캐리,313760,거래정지·상장폐지 위험,부정,468,,0.0,,400000000,,,,,신규,거래정지·상장폐지 관련 공시는 환금성과 투자원금에 중대한 영향을 줄 수 있습니다.,https://dart.fss.or.kr/dsaf001/main.do?rcpNo=20260930901319
2026-09-30,계룡건설산업,013580,대규모 공급계약,긍정,21350,21400,-0.47,82234350000,195600000000,42.042,,,2.85,신규,"대규모 공급계약은 매출 가시성을 높일 수 있지만 계약규모, 기간, 해지조건과 상대방 위험을 확인해야 합니다.",https://dart.fss.or.kr/dsaf001/main.do?rcpNo=20260930800368
2026-09-30,KD,044180,부도·회생·영업정지,부정,205,,0.0,,800000000,,,,,정정,부도·회생·영업정지는 기업의 계속기업 가능성에 직접적인 위험신호입니다.,https://dart.fss.or.kr/dsaf001/main.do?rcpNo=20260930900337
2026-09-30,앱클론,174900,대규모 공급계약,긍정,28150,27000,4.65,424056300,450900000000,0.094,,,9.0,정정,"대규모 공급계약은 매출 가시성을 높일 수 있지만 계약규모, 기간, 해지조건과 상대방 위험을 확인해야 합니다.",https://dart.fss.or.kr/dsaf001/main.do?rcpNo=20260930900401
2026-09-30,에이전트AI,060900,전환사채(CB),부정,1637,1642,2.63,,14400000000,,,,,정정,전환사채는 자금조달 수단이지만 전환 시 주식 수 증가와 오버행 위험이 발생할 수 있습니다.,https://dart.fss.or.kr/dsaf001/main.do?rcpNo=20260930000289
2026-09-30,남광토건,001260,대규모 공급계약,긍정,8200,8000,1.74,73382572500,78400000000,93.6,,,31.07,정정,"대규모 공급계약은 매출 가시성을 높일 수 있지만 계약규모, 기간, 해지조건과 상대방 위험을 확인해야 합니다.",https://dart.fss.or.kr/dsaf001/main.do?rcpNo=20260930800410
2026-09-30,레이언스,228850,자사주 소각,긍정,8470,8630,-0.59,9594351795,141400000000,6.785,,,,신규,자기주식 소각은 발행주식 수 감소를 통해 주당가치에 긍정적으로 작용할 수 있습니다.,https://dart.fss.or.kr/dsaf001/main.do?rcpNo=20260930900218
2026-09-30,모비스,250060,대규모 공급계약,긍정,3150,3175,-1.1,6956563016,99600000000,6.985,,,50.08,정정,"대규모 공급계약은 매출 가시성을 높일 수 있지만 계약규모, 기간, 해지조건과 상대방 위험을 확인해야 합니다.",https://dart.fss.or.kr/dsaf001/main.do?rcpNo=20260930900201
2026-09-30,HJ중공업,097230,대규모 공급계약,긍정,15210,15000,1.33,251603814048,1340900000000,18.764,,,14.07,정정,"대규모 공급계약은 매출 가시성을 높일 수 있지만 계약규모, 기간, 해지조건과 상대방 위험을 확인해야 합니다.",https://dart.fss.or.kr/dsaf001/main.do?rcpNo=20260930800251
2026-09-30,육일씨엔에쓰,191410,자사주 취득,긍정,1673,1630,3.14,1000001003,24200000000,4.132,,,,신규,자기주식 취득은 주주환원 신호지만 실제 소각 여부와 취득 규모를 함께 봐야 합니다.,https://dart.fss.or.kr/dsaf001/main.do?rcpNo=20260930000163
2026-09-30,삼영이엔씨,065570,감자,부정,764,,0.0,,12300000000,,,,,신규,감자는 결손보전 목적과 주주환원 목적의 의미가 크게 다르므로 감자 방식과 사유를 확인해야 합니다.,https://dart.fss.or.kr/dsaf001/main.do?rcpNo=20260930000192
2026-09-30,신도기연,290520,대규모 공급계약,긍정,1600,1641,0.5,6791857680,24900000000,27.277,,,21.28,신규,"대규모 공급계약은 매출 가시성을 높일 수 있지만 계약규모, 기간, 해지조건과 상대방 위험을 확인해야 합니다.",https://dart.fss.or.kr/dsaf001/main.do?rcpNo=20260930900235
2026-09-30,삼영이엔씨,065570,감자,부정,764,,0.0,,12300000000,,,,,신규,감자는 결손보전 목적과 주주환원 목적의 의미가 크게 다르므로 감자 방식과 사유를 확인해야 합니다.,https://dart.fss.or.kr/dsaf001/main.do?rcpNo=20260930000204
2026-09-30,삼영이엔씨,065570,유상증자,부정,764,,0.0,,12300000000,,,,,신규,유상증자는 자금조달 목적에 따라 성장재원이 될 수 있지만 기존주주의 지분희석과 할인발행 부담이 발생할 수 있습니다.,https://dart.fss.or.kr/dsaf001/main.do?rcpNo=20260930000197
2026-09-30,SCL사이언스,246960,대규모 공급계약,긍정,2545,2600,-2.86,1017000000,90500000000,1.124,,,76.82,정정,"대규모 공급계약은 매출 가시성을 높일 수 있지만 계약규모, 기간, 해지조건과 상대방 위험을 확인해야 합니다.",https://dart.fss.or.kr/dsaf001/main.do?rcpNo=20260930900253
2026-09-30,상상인,038540,자사주 처분,부정,1897,1887,1.34,,103800000000,,,,,신규,자기주식 처분은 매각 목적과 물량에 따라 주식 공급 부담이 될 수 있습니다.,https://dart.fss.or.kr/dsaf001/main.do?rcpNo=20260930000194
2026-09-30,삼영이엔씨,065570,유상증자,부정,764,,0.0,,12300000000,,,,,신규,유상증자는 자금조달 목적에 따라 성장재원이 될 수 있지만 기존주주의 지분희석과 할인발행 부담이 발생할 수 있습니다.,https://dart.fss.or.kr/dsaf001/main.do?rcpNo=20260930000221
2026-09-30,메디톡스,086900,자사주 소각,긍정,66800,67000,-0.89,76719400485,493400000000,15.549,,,,정정,자기주식 소각은 발행주식 수 감소를 통해 주당가치에 긍정적으로 작용할 수 있습니다.,https://dart.fss.or.kr/dsaf001/main.do?rcpNo=20260930900177
2026-09-30,고영,098460,자사주 처분,부정,34100,33800,0.15,25053670100,2100700000000,1.193,,,,정정,자기주식 처분은 매각 목적과 물량에 따라 주식 공급 부담이 될 수 있습니다.,https://dart.fss.or.kr/dsaf001/main.do?rcpNo=20260929000686
2026-09-30,제일기획,030000,자사주 취득,긍정,18790,18740,0.27,40000000000,2132900000000,1.875,,,,신규,자기주식 취득은 주주환원 신호지만 실제 소각 여부와 취득 규모를 함께 봐야 합니다.,https://dart.fss.or.kr/dsaf001/main.do?rcpNo=20260930000006
2026-09-30,제일기획,030000,자사주 소각,긍정,18790,18740,0.27,282754692136,2132900000000,13.257,,,,신규,자기주식 소각은 발행주식 수 감소를 통해 주당가치에 긍정적으로 작용할 수 있습니다.,https://dart.fss.or.kr/dsaf001/main.do?rcpNo=20260930800003
2026-09-30,제일기획,030000,거래정지·상장폐지 위험,부정,18790,18740,0.27,,2132900000000,,,,,신규,거래정지·상장폐지 관련 공시는 환금성과 투자원금에 중대한 영향을 줄 수 있습니다.,https://dart.fss.or.kr/dsaf001/main.do?rcpNo=20260930800004
2026-09-30,링크솔루션,474650,대규모 공급계약,긍정,29500,28450,3.87,1433100000,156800000000,0.914,,,10.92,신규,"대규모 공급계약은 매출 가시성을 높일 수 있지만 계약규모, 기간, 해지조건과 상대방 위험을 확인해야 합니다.",https://dart.fss.or.kr/dsaf001/main.do?rcpNo=20260930900065
2026-09-30,한전산업,130660,대규모 공급계약,긍정,12320,12350,-0.08,,403900000000,,,,32.9,정정,"대규모 공급계약은 매출 가시성을 높일 수 있지만 계약규모, 기간, 해지조건과 상대방 위험을 확인해야 합니다.",https://dart.fss.or.kr/dsaf001/main.do?rcpNo=20260930800058
2026-09-30,삼성중공업,010140,대규모 공급계약,긍정,19730,19780,0.05,307400000000,17644000000000,1.742,,,2.9,신규,"대규모 공급계약은 매출 가시성을 높일 수 있지만 계약규모, 기간, 해지조건과 상대방 위험을 확인해야 합니다.",https://dart.fss.or.kr/dsaf001/main.do?rcpNo=20260930800054
2026-09-30,우원개발,046940,대규모 공급계약,긍정,2755,2755,0.0,,49400000000,,,,,정정,"대규모 공급계약은 매출 가시성을 높일 수 있지만 계약규모, 기간, 해지조건과 상대방 위험을 확인해야 합니다.",https://dart.fss.or.kr/dsaf001/main.do?rcpNo=20260930900136
2026-09-30,남광토건,001260,대규모 공급계약,긍정,8200,8000,1.74,29966376000,78800000000,38.028,,,,정정,"대규모 공급계약은 매출 가시성을 높일 수 있지만 계약규모, 기간, 해지조건과 상대방 위험을 확인해야 합니다.",https://dart.fss.or.kr/dsaf001/main.do?rcpNo=20260930800113
2026-09-30,HD현대중공업,329180,대규모 공급계약,긍정,425500,431500,-1.39,1842200000000,46025500000000,4.003,,,20.37,정정,"대규모 공급계약은 매출 가시성을 높일 수 있지만 계약규모, 기간, 해지조건과 상대방 위험을 확인해야 합니다.",https://dart.fss.or.kr/dsaf001/main.do?rcpNo=20260930800154
2026-09-30,액스비스,0011A0,대규모 공급계약,긍정,11390,11480,-1.13,8224000000,108700000000,7.566,,,14.54,신규,"대규모 공급계약은 매출 가시성을 높일 수 있지만 계약규모, 기간, 해지조건과 상대방 위험을 확인해야 합니다.",https://dart.fss.or.kr/dsaf001/main.do?rcpNo=20260930900127
2026-09-30,HD한국조선해양,009540,대규모 공급계약,긍정,323500,325500,-0.61,1842200000000,23142800000000,7.96,,,20.37,정정,"대규모 공급계약은 매출 가시성을 높일 수 있지만 계약규모, 기간, 해지조건과 상대방 위험을 확인해야 합니다.",https://dart.fss.or.kr/dsaf001/main.do?rcpNo=20260930800164
2026-09-30,동아지질,028100,대규모 공급계약,긍정,19750,19760,-0.1,,221400000000,,,,9.6,정정,"대규모 공급계약은 매출 가시성을 높일 수 있지만 계약규모, 기간, 해지조건과 상대방 위험을 확인해야 합니다.",https://dart.fss.or.kr/dsaf001/main.do?rcpNo=20260930800147
2026-09-30,현대무벡스,319400,대규모 공급계약,긍정,20750,20600,0.24,72000000000,2299900000000,3.131,,,18.28,신규,"대규모 공급계약은 매출 가시성을 높일 수 있지만 계약규모, 기간, 해지조건과 상대방 위험을 확인해야 합니다.",https://dart.fss.or.kr/dsaf001/main.do?rcpNo=20260930900139
2026-09-30,계룡건설산업,013580,대규모 공급계약,긍정,21350,21400,-0.47,61315991440,195600000000,31.348,,,2.69,정정,"대규모 공급계약은 매출 가시성을 높일 수 있지만 계약규모, 기간, 해지조건과 상대방 위험을 확인해야 합니다.",https://dart.fss.or.kr/dsaf001/main.do?rcpNo=20260930800378
2026-09-30,넥센,005720,자사주 취득,긍정,6390,6140,5.27,,310000000000,,,,,신규,자기주식 취득은 주주환원 신호지만 실제 소각 여부와 취득 규모를 함께 봐야 합니다.,https://dart.fss.or.kr/dsaf001/main.do?rcpNo=20260930000301
2026-09-30,아스타,246720,최대주주 변경,판단 유보,6070,,0.0,,99400000000,,,,,정정,최대주주 변경은 경영권과 사업전략 변화 가능성을 높이지만 인수주체와 자금출처 검증이 필요합니다.,https://dart.fss.or.kr/dsaf001/main.do?rcpNo=20260930901323
2026-09-30,에이비온,203400,거래정지·상장폐지 위험,부정,676,,0.0,,60900000000,,,,,신규,거래정지·상장폐지 관련 공시는 환금성과 투자원금에 중대한 영향을 줄 수 있습니다.,https://dart.fss.or.kr/dsaf001/main.do?rcpNo=20260930901330
2026-09-30,메디콕스,054180,거래정지·상장폐지 위험,부정,2295,,0.0,,12700000000,,,,,신규,거래정지·상장폐지 관련 공시는 환금성과 투자원금에 중대한 영향을 줄 수 있습니다.,https://dart.fss.or.kr/dsaf001/main.do?rcpNo=20260930901327
2026-09-30,아스타,246720,최대주주 변경,판단 유보,6070,,0.0,,99400000000,,,,,정정,최대주주 변경은 경영권과 사업전략 변화 가능성을 높이지만 인수주체와 자금출처 검증이 필요합니다.,https://dart.fss.or.kr/dsaf001/main.do?rcpNo=20260930901324
2026-09-30,캔버스엔,210120,유상증자,부정,1753,1785,-2.61,,17200000000,,,,,정정,유상증자는 자금조달 목적에 따라 성장재원이 될 수 있지만 기존주주의 지분희석과 할인발행 부담이 발생할 수 있습니다.,https://dart.fss.or.kr/dsaf001/main.do?rcpNo=20260930000604
2026-09-30,일성아이에스,003120,자사주 소각,긍정,22100,22550,0.23,43110620000,287300000000,15.005,,,,신규,자기주식 소각은 발행주식 수 감소를 통해 주당가치에 긍정적으로 작용할 수 있습니다.,https://dart.fss.or.kr/dsaf001/main.do?rcpNo=20260930800750
2026-09-30,강원에너지,114190,대규모 공급계약,긍정,8850,8700,1.49,23487000000,220700000000,10.642,,,32.9,정정,"대규모 공급계약은 매출 가시성을 높일 수 있지만 계약규모, 기간, 해지조건과 상대방 위험을 확인해야 합니다.",https://dart.fss.or.kr/dsaf001/main.do?rcpNo=20260930900759
2026-09-30,대아티아이,045390,대규모 공급계약,긍정,3035,3035,0.0,156808144200,210000000000,74.671,,,148.57,정정,"대규모 공급계약은 매출 가시성을 높일 수 있지만 계약규모, 기간, 해지조건과 상대방 위험을 확인해야 합니다.",https://dart.fss.or.kr/dsaf001/main.do?rcpNo=20260930900787
2026-09-30,케이이엠텍,106080,유상증자,부정,1650,,0.0,,100000000,,,,,정정,유상증자는 자금조달 목적에 따라 성장재원이 될 수 있지만 기존주주의 지분희석과 할인발행 부담이 발생할 수 있습니다.,https://dart.fss.or.kr/dsaf001/main.do?rcpNo=20260930000530
2026-09-30,강원에너지,114190,대규모 공급계약,긍정,8850,8700,1.49,43620000000,220700000000,19.764,,,31.33,정정,"대규모 공급계약은 매출 가시성을 높일 수 있지만 계약규모, 기간, 해지조건과 상대방 위험을 확인해야 합니다.",https://dart.fss.or.kr/dsaf001/main.do?rcpNo=20260930900767
2026-09-30,메쥬,0088M0,중요 자산·타법인 지분 거래,판단 유보,14520,14730,-1.83,3800000000,132900000000,2.859,,,,신규,"중요 자산·지분 거래는 거래가격의 적정성과 자금조달 부담, 사업구조 변화를 확인해야 합니다.",https://dart.fss.or.kr/dsaf001/main.do?rcpNo=20260930000602
2026-09-30,필에너지,378340,대규모 공급계약,긍정,12790,12590,2.65,99810000000,266400000000,37.466,,,50.74,정정,"대규모 공급계약은 매출 가시성을 높일 수 있지만 계약규모, 기간, 해지조건과 상대방 위험을 확인해야 합니다.",https://dart.fss.or.kr/dsaf001/main.do?rcpNo=20260930900825
2026-09-30,선익시스템,171090,대규모 공급계약,긍정,76000,73500,4.4,41044822000,705900000000,5.815,,,36.35,정정,"대규모 공급계약은 매출 가시성을 높일 수 있지만 계약규모, 기간, 해지조건과 상대방 위험을 확인해야 합니다.",https://dart.fss.or.kr/dsaf001/main.do?rcpNo=20260930900851
2026-09-30,IPARK현대산업개발,294870,대규모 공급계약,긍정,22300,22700,-1.55,172901325216,1525800000000,11.332,,,,정정,"대규모 공급계약은 매출 가시성을 높일 수 있지만 계약규모, 기간, 해지조건과 상대방 위험을 확인해야 합니다.",https://dart.fss.or.kr/dsaf001/main.do?rcpNo=20260930800786
2026-09-30,금양,001570,유상증자,부정,9900,,0.0,,633300000000,,,,,정정,유상증자는 자금조달 목적에 따라 성장재원이 될 수 있지만 기존주주의 지분희석과 할인발행 부담이 발생할 수 있습니다.,https://dart.fss.or.kr/dsaf001/main.do?rcpNo=20260930000569
2026-09-30,크래프톤,259960,자사주 소각,긍정,196300,199700,-1.7,86144994100,8976600000000,0.96,,,,신규,자기주식 소각은 발행주식 수 감소를 통해 주당가치에 긍정적으로 작용할 수 있습니다.,https://dart.fss.or.kr/dsaf001/main.do?rcpNo=20260930800878
2026-09-30,HDC,012630,대규모 공급계약,긍정,23750,24750,-4.04,172901325216,1517400000000,11.395,,,,정정,"대규모 공급계약은 매출 가시성을 높일 수 있지만 계약규모, 기간, 해지조건과 상대방 위험을 확인해야 합니다.",https://dart.fss.or.kr/dsaf001/main.do?rcpNo=20260930800885
2026-09-30,캔버스엔,210120,전환사채(CB),부정,1753,1785,-2.61,,17200000000,,,,,정정,전환사채는 자금조달 수단이지만 전환 시 주식 수 증가와 오버행 위험이 발생할 수 있습니다.,https://dart.fss.or.kr/dsaf001/main.do?rcpNo=20260930000642
2026-09-30,삼성E&A,028050,대규모 공급계약,긍정,47800,47500,0.95,9028769083650,9388400000000,96.169,,,3.0,정정,"대규모 공급계약은 매출 가시성을 높일 수 있지만 계약규모, 기간, 해지조건과 상대방 위험을 확인해야 합니다.",https://dart.fss.or.kr/dsaf001/main.do?rcpNo=20260930800867
2026-09-30,캔버스엔,210120,전환사채(CB),부정,1753,1785,-2.61,,17200000000,,,,,정정,전환사채는 자금조달 수단이지만 전환 시 주식 수 증가와 오버행 위험이 발생할 수 있습니다.,https://dart.fss.or.kr/dsaf001/main.do?rcpNo=20260930000654
2026-09-30,바이넥스,053030,대규모 공급계약,긍정,6510,6510,0.31,17442351000,204600000000,8.525,,,11.27,정정,"대규모 공급계약은 매출 가시성을 높일 수 있지만 계약규모, 기간, 해지조건과 상대방 위험을 확인해야 합니다.",https://dart.fss.or.kr/dsaf001/main.do?rcpNo=20260930900875
2026-09-30,시너지이노베이션,048870,중요 자산·타법인 지분 거래,판단 유보,1593,1589,0.25,44978024000,140100000000,32.104,,,,정정,"중요 자산·지분 거래는 거래가격의 적정성과 자금조달 부담, 사업구조 변화를 확인해야 합니다.",https://dart.fss.or.kr/dsaf001/main.do?rcpNo=20260930000626
2026-09-30,선도전기,007610,대규모 공급계약,긍정,4350,4450,0.69,,77200000000,,,,10.86,정정,"대규모 공급계약은 매출 가시성을 높일 수 있지만 계약규모, 기간, 해지조건과 상대방 위험을 확인해야 합니다.",https://dart.fss.or.kr/dsaf001/main.do?rcpNo=20260930800890
2026-09-30,CSA 코스믹,083660,전환사채(CB),부정,1415,1428,-2.21,,25500000000,,,,,정정,전환사채는 자금조달 수단이지만 전환 시 주식 수 증가와 오버행 위험이 발생할 수 있습니다.,https://dart.fss.or.kr/dsaf001/main.do?rcpNo=20260930000671
2026-09-30,크로넥스,215570,중요 자산·타법인 지분 거래,판단 유보,600,600,0.0,5499854000,,,,,,정정,"중요 자산·지분 거래는 거래가격의 적정성과 자금조달 부담, 사업구조 변화를 확인해야 합니다.",https://dart.fss.or.kr/dsaf001/main.do?rcpNo=20260930000668
2026-09-30,효성중공업,298040,대규모 공급계약,긍정,2776000,2835000,-1.63,372324339860,25987500000000,1.433,,,8.66,정정,"대규모 공급계약은 매출 가시성을 높일 수 있지만 계약규모, 기간, 해지조건과 상대방 위험을 확인해야 합니다.",https://dart.fss.or.kr/dsaf001/main.do?rcpNo=20260930800924
2026-09-30,3S,060310,대규모 공급계약,긍정,1140,1110,2.61,,58700000000,,,,8.37,정정,"대규모 공급계약은 매출 가시성을 높일 수 있지만 계약규모, 기간, 해지조건과 상대방 위험을 확인해야 합니다.",https://dart.fss.or.kr/dsaf001/main.do?rcpNo=20260930900953
2026-09-30,아이씨티케이,456010,중요 자산·타법인 지분 거래,판단 유보,24700,24950,4.88,11398245300,332800000000,3.425,,,,신규,"중요 자산·지분 거래는 거래가격의 적정성과 자금조달 부담, 사업구조 변화를 확인해야 합니다.",https://dart.fss.or.kr/dsaf001/main.do?rcpNo=20260930000681
2026-09-30,효성,004800,대규모 공급계약,긍정,154800,156400,-0.51,372324339860,2638300000000,14.112,,,8.66,정정,"대규모 공급계약은 매출 가시성을 높일 수 있지만 계약규모, 기간, 해지조건과 상대방 위험을 확인해야 합니다.",https://dart.fss.or.kr/dsaf001/main.do?rcpNo=20260930801004
2026-09-30,한신공영,004960,대규모 공급계약,긍정,10890,10980,-1.89,70136944020,125200000000,56.02,,,6.1,신규,"대규모 공급계약은 매출 가시성을 높일 수 있지만 계약규모, 기간, 해지조건과 상대방 위험을 확인해야 합니다.",https://dart.fss.or.kr/dsaf001/main.do?rcpNo=20260930800932
2026-09-30,크라우드웍스,355390,유상증자,부정,1459,1419,2.82,,24200000000,,,,,정정,유상증자는 자금조달 목적에 따라 성장재원이 될 수 있지만 기존주주의 지분희석과 할인발행 부담이 발생할 수 있습니다.,https://dart.fss.or.kr/dsaf001/main.do?rcpNo=20260930000711
2026-09-30,신테카바이오,226330,최대주주 변경,판단 유보,1295,1327,-0.84,,31500000000,,,,,정정,최대주주 변경은 경영권과 사업전략 변화 가능성을 높이지만 인수주체와 자금출처 검증이 필요합니다.,https://dart.fss.or.kr/dsaf001/main.do?rcpNo=20260930901014
2026-09-30,동양,001520,대규모 공급계약,긍정,1128,1120,0.53,57781900000,122100000000,47.323,,,7.53,정정,"대규모 공급계약은 매출 가시성을 높일 수 있지만 계약규모, 기간, 해지조건과 상대방 위험을 확인해야 합니다.",https://dart.fss.or.kr/dsaf001/main.do?rcpNo=20260930801015
2026-09-30,진원생명과학,011000,유상증자,부정,2670,,0.0,,48500000000,,,,,정정,유상증자는 자금조달 목적에 따라 성장재원이 될 수 있지만 기존주주의 지분희석과 할인발행 부담이 발생할 수 있습니다.,https://dart.fss.or.kr/dsaf001/main.do?rcpNo=20260930000698
2026-09-30,태영건설,009410,유상증자,부정,1627,1645,-0.67,,533800000000,,,,,신규,유상증자는 자금조달 목적에 따라 성장재원이 될 수 있지만 기존주주의 지분희석과 할인발행 부담이 발생할 수 있습니다.,https://dart.fss.or.kr/dsaf001/main.do?rcpNo=20260930000687
2026-09-30,우진아이엔에스,010400,최대주주 변경,판단 유보,4145,4070,1.34,,32000000000,,,,,신규,최대주주 변경은 경영권과 사업전략 변화 가능성을 높이지만 인수주체와 자금출처 검증이 필요합니다.,https://dart.fss.or.kr/dsaf001/main.do?rcpNo=20260930801089
2026-09-30,큐브엔터,182360,대규모 공급계약,긍정,6300,6550,-2.93,12222222222,104100000000,11.741,,,10.13,정정,"대규모 공급계약은 매출 가시성을 높일 수 있지만 계약규모, 기간, 해지조건과 상대방 위험을 확인해야 합니다.",https://dart.fss.or.kr/dsaf001/main.do?rcpNo=20260930901055
2026-09-30,테라사이언스,073640,유상증자,부정,654,,0.0,,76100000000,,,,,정정,유상증자는 자금조달 목적에 따라 성장재원이 될 수 있지만 기존주주의 지분희석과 할인발행 부담이 발생할 수 있습니다.,https://dart.fss.or.kr/dsaf001/main.do?rcpNo=20260930000742
2026-09-30,비츠로시스,054220,대규모 공급계약,긍정,1693,1718,0.77,5791543133,21000000000,27.579,,,22.58,정정,"대규모 공급계약은 매출 가시성을 높일 수 있지만 계약규모, 기간, 해지조건과 상대방 위험을 확인해야 합니다.",https://dart.fss.or.kr/dsaf001/main.do?rcpNo=20260930901071
2026-09-30,씨메스로보틱스,475400,대규모 공급계약,긍정,19100,18870,0.9,5291282504,214500000000,2.467,,,40.53,정정,"대규모 공급계약은 매출 가시성을 높일 수 있지만 계약규모, 기간, 해지조건과 상대방 위험을 확인해야 합니다.",https://dart.fss.or.kr/dsaf001/main.do?rcpNo=20260930901064
2026-09-30,티와이홀딩스,363280,유상증자,부정,2050,2030,0.99,,91900000000,,,,,신규,유상증자는 자금조달 목적에 따라 성장재원이 될 수 있지만 기존주주의 지분희석과 할인발행 부담이 발생할 수 있습니다.,https://dart.fss.or.kr/dsaf001/main.do?rcpNo=20260930801095
2026-09-30,프레스티지바이오로직스,334970,주식분할·병합,중립,1445,1412,1.26,,106900000000,,,,,철회,주식분할·병합은 이론적 기업가치를 바꾸지 않지만 거래단위와 유동성에 영향을 줄 수 있습니다.,https://dart.fss.or.kr/dsaf001/main.do?rcpNo=20260930901128
2026-09-30,SOOP,067160,중요 자산·타법인 지분 거래,판단 유보,36150,36500,-0.96,,405000000000,,,,,신규,"중요 자산·지분 거래는 거래가격의 적정성과 자금조달 부담, 사업구조 변화를 확인해야 합니다.",https://dart.fss.or.kr/dsaf001/main.do?rcpNo=20260930000772
2026-09-30,상지건설,042940,대규모 공급계약,긍정,5300,5250,-0.38,51000000000,35500000000,143.662,,,29.33,정정,"대규모 공급계약은 매출 가시성을 높일 수 있지만 계약규모, 기간, 해지조건과 상대방 위험을 확인해야 합니다.",https://dart.fss.or.kr/dsaf001/main.do?rcpNo=20260930900952
2026-09-30,아이로보틱스,066430,중요 소송,판단 유보,2065,2045,0.49,,81600000000,,,,,신규,중요 소송은 예상손실과 영업 지속성에 영향을 줄 수 있어 청구금액과 진행단계를 확인해야 합니다.,https://dart.fss.or.kr/dsaf001/main.do?rcpNo=20260930900943
2026-09-30,케이이엠텍,106080,유상증자,부정,1650,,0.0,,100000000,,,,,철회,유상증자는 자금조달 목적에 따라 성장재원이 될 수 있지만 기존주주의 지분희석과 할인발행 부담이 발생할 수 있습니다.,https://dart.fss.or.kr/dsaf001/main.do?rcpNo=20260930900908
2026-09-30,프레스티지바이오로직스,334970,주식분할·병합,중립,1445,1412,1.26,,106900000000,,,,,철회,주식분할·병합은 이론적 기업가치를 바꾸지 않지만 거래단위와 유동성에 영향을 줄 수 있습니다.,https://dart.fss.or.kr/dsaf001/main.do?rcpNo=20260930901099
2026-09-30,프리티,006490,유상증자,부정,1385,1423,-2.67,,24100000000,,,,,정정,유상증자는 자금조달 목적에 따라 성장재원이 될 수 있지만 기존주주의 지분희석과 할인발행 부담이 발생할 수 있습니다.,https://dart.fss.or.kr/dsaf001/main.do?rcpNo=20260930000745
2026-09-30,나우로보틱스,459510,대규모 공급계약,긍정,15680,15640,0.38,1394500000,201600000000,0.692,,,11.56,정정,"대규모 공급계약은 매출 가시성을 높일 수 있지만 계약규모, 기간, 해지조건과 상대방 위험을 확인해야 합니다.",https://dart.fss.or.kr/dsaf001/main.do?rcpNo=20260930901144
2026-09-30,메디콕스,054180,거래정지·상장폐지 위험,부정,2295,,0.0,,12700000000,,,,,신규,거래정지·상장폐지 관련 공시는 환금성과 투자원금에 중대한 영향을 줄 수 있습니다.,https://dart.fss.or.kr/dsaf001/main.do?rcpNo=20260930901158
2026-09-30,나노씨엠에스,247660,중요 소송,판단 유보,4045,3970,1.13,,20800000000,,,,,신규,중요 소송은 예상손실과 영업 지속성에 영향을 줄 수 있어 청구금액과 진행단계를 확인해야 합니다.,https://dart.fss.or.kr/dsaf001/main.do?rcpNo=20260930901049
2026-09-30,나노씨엠에스,247660,중요 소송,판단 유보,4045,3970,1.13,,20800000000,,,,,신규,중요 소송은 예상손실과 영업 지속성에 영향을 줄 수 있어 청구금액과 진행단계를 확인해야 합니다.,https://dart.fss.or.kr/dsaf001/main.do?rcpNo=20260930901043
2026-09-30,프리티,006490,전환사채(CB),부정,1385,1423,-2.67,,24100000000,,,,,정정,전환사채는 자금조달 수단이지만 전환 시 주식 수 증가와 오버행 위험이 발생할 수 있습니다.,https://dart.fss.or.kr/dsaf001/main.do?rcpNo=20260930000787
2026-09-30,E8,418620,대규모 공급계약,긍정,471,473,0.21,811823000,15000000000,5.412,,,35.52,정정,"대규모 공급계약은 매출 가시성을 높일 수 있지만 계약규모, 기간, 해지조건과 상대방 위험을 확인해야 합니다.",https://dart.fss.or.kr/dsaf001/main.do?rcpNo=20260930901135
2026-09-30,E8,418620,주식분할·병합,중립,471,473,0.21,,15000000000,,,,,정정,주식분할·병합은 이론적 기업가치를 바꾸지 않지만 거래단위와 유동성에 영향을 줄 수 있습니다.,https://dart.fss.or.kr/dsaf001/main.do?rcpNo=20260930901120
2026-09-30,STX,011810,유상증자,부정,3530,,0.0,,109500000000,,,,,정정,유상증자는 자금조달 목적에 따라 성장재원이 될 수 있지만 기존주주의 지분희석과 할인발행 부담이 발생할 수 있습니다.,https://dart.fss.or.kr/dsaf001/main.do?rcpNo=20260930000771
2026-09-30,티에스아이,277880,대규모 공급계약,긍정,3700,3695,1.79,34301666855,70800000000,48.449,,,13.1,정정,"대규모 공급계약은 매출 가시성을 높일 수 있지만 계약규모, 기간, 해지조건과 상대방 위험을 확인해야 합니다.",https://dart.fss.or.kr/dsaf001/main.do?rcpNo=20260930901177
2026-09-30,상상인,038540,자사주 처분,부정,1897,1887,1.34,,103500000000,,,,,신규,자기주식 처분은 매각 목적과 물량에 따라 주식 공급 부담이 될 수 있습니다.,https://dart.fss.or.kr/dsaf001/main.do?rcpNo=20260930000805
2026-09-29,모아데이타,288980,유상증자,부정,209,219,-5.86,,600000000,,,,,정정,유상증자는 자금조달 목적에 따라 성장재원이 될 수 있지만 기존주주의 지분희석과 할인발행 부담이 발생할 수 있습니다.,https://dart.fss.or.kr/dsaf001/main.do?rcpNo=20260929000323
2026-09-29,광진실업,026910,유상증자,부정,2020,2030,5.21,,18100000000,,,,,정정,유상증자는 자금조달 목적에 따라 성장재원이 될 수 있지만 기존주주의 지분희석과 할인발행 부담이 발생할 수 있습니다.,https://dart.fss.or.kr/dsaf001/main.do?rcpNo=20260929000377
2026-09-29,엠브레인,169330,자사주 소각,긍정,1843,1772,5.92,801761310,32000000000,2.506,,,,신규,자기주식 소각은 발행주식 수 감소를 통해 주당가치에 긍정적으로 작용할 수 있습니다.,https://dart.fss.or.kr/dsaf001/main.do?rcpNo=20260929900470
2026-09-29,엠브레인,169330,자사주 취득,긍정,1843,1772,5.92,801761310,32000000000,2.506,,,,신규,자기주식 취득은 주주환원 신호지만 실제 소각 여부와 취득 규모를 함께 봐야 합니다.,https://dart.fss.or.kr/dsaf001/main.do?rcpNo=20260929000352
2026-09-29,광진실업,026910,유상증자,부정,2020,2030,5.21,,18100000000,,,,,정정,유상증자는 자금조달 목적에 따라 성장재원이 될 수 있지만 기존주주의 지분희석과 할인발행 부담이 발생할 수 있습니다.,https://dart.fss.or.kr/dsaf001/main.do?rcpNo=20260929000392
2026-09-29,스피어,347700,대규모 공급계약,긍정,24850,22650,8.28,2614993421,1100600000000,0.238,,,,정정,"대규모 공급계약은 매출 가시성을 높일 수 있지만 계약규모, 기간, 해지조건과 상대방 위험을 확인해야 합니다.",https://dart.fss.or.kr/dsaf001/main.do?rcpNo=20260929900534
2026-09-29,오리엔트정공,065500,주식분할·병합,중립,1009,1003,0.6,,37100000000,,,,,신규,주식분할·병합은 이론적 기업가치를 바꾸지 않지만 거래단위와 유동성에 영향을 줄 수 있습니다.,https://dart.fss.or.kr/dsaf001/main.do?rcpNo=20260929900567
2026-09-29,티에스아이,277880,대규모 공급계약,긍정,3700,3695,1.79,32708192280,69300000000,47.198,,,21.98,정정,"대규모 공급계약은 매출 가시성을 높일 수 있지만 계약규모, 기간, 해지조건과 상대방 위험을 확인해야 합니다.",https://dart.fss.or.kr/dsaf001/main.do?rcpNo=20260929900522
2026-09-29,자비스,254120,대규모 공급계약,긍정,910,,0.0,3400000000,28000000000,12.143,,,12.19,신규,"대규모 공급계약은 매출 가시성을 높일 수 있지만 계약규모, 기간, 해지조건과 상대방 위험을 확인해야 합니다.",https://dart.fss.or.kr/dsaf001/main.do?rcpNo=20260929900510
2026-09-29,에스원,012750,대규모 공급계약,긍정,82700,83300,-0.6,102024972000,3146300000000,3.243,,,3.53,신규,"대규모 공급계약은 매출 가시성을 높일 수 있지만 계약규모, 기간, 해지조건과 상대방 위험을 확인해야 합니다.",https://dart.fss.or.kr/dsaf001/main.do?rcpNo=20260929800544
2026-09-29,한주에이알티,058450,유상증자,부정,509,541,-5.91,,3100000000,,,,,정정,유상증자는 자금조달 목적에 따라 성장재원이 될 수 있지만 기존주주의 지분희석과 할인발행 부담이 발생할 수 있습니다.,https://dart.fss.or.kr/dsaf001/main.do?rcpNo=20260929000431
2026-09-29,유니슨,018000,대규모 공급계약,긍정,1122,1126,0.09,17608376214,332800000000,5.291,,,43.2,정정,"대규모 공급계약은 매출 가시성을 높일 수 있지만 계약규모, 기간, 해지조건과 상대방 위험을 확인해야 합니다.",https://dart.fss.or.kr/dsaf001/main.do?rcpNo=20260929900528
2026-09-29,엠브레인,169330,현금배당,긍정,1843,1772,5.92,,32000000000,,,,,정정,현금배당은 직접적인 주주환원이지만 배당락일에는 주가 조정 가능성이 있습니다. 배당수익률과 지속가능성을 함께 확인해야 합니다.,https://dart.fss.or.kr/dsaf001/main.do?rcpNo=20260929900525
2026-09-29,대한항공,003490,중요 소송,판단 유보,30450,30900,-2.4,248623913049,11617400000000,2.14,,,,정정,중요 소송은 예상손실과 영업 지속성에 영향을 줄 수 있어 청구금액과 진행단계를 확인해야 합니다.,https://dart.fss.or.kr/dsaf001/main.do?rcpNo=20260929800622
2026-09-29,태원물산,001420,자사주 소각,긍정,2955,2950,0.17,959923210,22600000000,4.247,,,,신규,자기주식 소각은 발행주식 수 감소를 통해 주당가치에 긍정적으로 작용할 수 있습니다.,https://dart.fss.or.kr/dsaf001/main.do?rcpNo=20260929800586
2026-09-29,더코디,224060,유상증자,부정,4135,4455,-4.28,,24800000000,,,,,정정,유상증자는 자금조달 목적에 따라 성장재원이 될 수 있지만 기존주주의 지분희석과 할인발행 부담이 발생할 수 있습니다.,https://dart.fss.or.kr/dsaf001/main.do?rcpNo=20260929000435
2026-09-29,에스트래픽,234300,영업양수도,판단 유보,3240,3270,0.0,,86700000000,,,,,정정,영업양수도는 회사의 핵심 사업과 이익구조를 바꿀 수 있어 거래범위와 대가가 중요합니다.,https://dart.fss.or.kr/dsaf001/main.do?rcpNo=20260929000433
2026-09-29,KT지니뮤직,043610,거래정지·상장폐지 위험,부정,1055,,0.0,,64700000000,,,,,신규,거래정지·상장폐지 관련 공시는 환금성과 투자원금에 중대한 영향을 줄 수 있습니다.,https://dart.fss.or.kr/dsaf001/main.do?rcpNo=20260929900599
2026-09-29,뷰노,338220,유상증자,부정,8030,8510,-2.9,,116500000000,,,,,정정,유상증자는 자금조달 목적에 따라 성장재원이 될 수 있지만 기존주주의 지분희석과 할인발행 부담이 발생할 수 있습니다.,https://dart.fss.or.kr/dsaf001/main.do?rcpNo=20260929000430
2026-09-29,더코디,224060,유상증자,부정,4135,4455,-4.28,,24800000000,,,,,정정,유상증자는 자금조달 목적에 따라 성장재원이 될 수 있지만 기존주주의 지분희석과 할인발행 부담이 발생할 수 있습니다.,https://dart.fss.or.kr/dsaf001/main.do?rcpNo=20260929000442
2026-09-29,세아제강,306200,대규모 공급계약,긍정,153300,148300,3.37,98139021628,415500000000,23.619,,,5.4,정정,"대규모 공급계약은 매출 가시성을 높일 수 있지만 계약규모, 기간, 해지조건과 상대방 위험을 확인해야 합니다.",https://dart.fss.or.kr/dsaf001/main.do?rcpNo=20260929800608
2026-09-29,비케이홀딩스,050090,거래정지·상장폐지 위험,부정,696,,0.0,,11700000000,,,,,신규,거래정지·상장폐지 관련 공시는 환금성과 투자원금에 중대한 영향을 줄 수 있습니다.,https://dart.fss.or.kr/dsaf001/main.do?rcpNo=20260929900629
2026-09-29,DKME,015590,중요 소송,판단 유보,2430,2425,0.83,,116700000000,,,,,신규,중요 소송은 예상손실과 영업 지속성에 영향을 줄 수 있어 청구금액과 진행단계를 확인해야 합니다.,https://dart.fss.or.kr/dsaf001/main.do?rcpNo=20260929800612
2026-09-29,DB하이텍,000990,부도·회생·영업정지,부정,142500,142000,0.0,,6173300000000,,,,,정정,부도·회생·영업정지는 기업의 계속기업 가능성에 직접적인 위험신호입니다.,https://dart.fss.or.kr/dsaf001/main.do?rcpNo=20260929800684
2026-09-29,파이온엑스,900100,거래정지·상장폐지 위험,부정,1096,,0.0,,800000000,,,,,신규,거래정지·상장폐지 관련 공시는 환금성과 투자원금에 중대한 영향을 줄 수 있습니다.,https://dart.fss.or.kr/dsaf001/main.do?rcpNo=20260929900668
2026-09-29,세아제강지주,003030,대규모 공급계약,긍정,115000,112500,3.51,98139021628,455200000000,21.56,,,5.4,정정,"대규모 공급계약은 매출 가시성을 높일 수 있지만 계약규모, 기간, 해지조건과 상대방 위험을 확인해야 합니다.",https://dart.fss.or.kr/dsaf001/main.do?rcpNo=20260929800676
2026-09-29,파이버프로,368770,대규모 공급계약,긍정,14560,13760,6.51,2620700000,422800000000,0.62,,,13.92,정정,"대규모 공급계약은 매출 가시성을 높일 수 있지만 계약규모, 기간, 해지조건과 상대방 위험을 확인해야 합니다.",https://dart.fss.or.kr/dsaf001/main.do?rcpNo=20260929900617
2026-09-29,유니온머티리얼,047400,거래정지·상장폐지 위험,부정,907,919,-1.31,,39600000000,,,,,신규,거래정지·상장폐지 관련 공시는 환금성과 투자원금에 중대한 영향을 줄 수 있습니다.,https://dart.fss.or.kr/dsaf001/main.do?rcpNo=20260929800688
2026-09-29,엔피케이,048830,거래정지·상장폐지 위험,부정,1048,1089,-1.32,,19800000000,,,,,신규,거래정지·상장폐지 관련 공시는 환금성과 투자원금에 중대한 영향을 줄 수 있습니다.,https://dart.fss.or.kr/dsaf001/main.do?rcpNo=20260929900721
2026-09-29,아이에스티이,212710,대규모 공급계약,긍정,7660,7480,2.41,23500000000,70300000000,33.428,,,72.93,정정,"대규모 공급계약은 매출 가시성을 높일 수 있지만 계약규모, 기간, 해지조건과 상대방 위험을 확인해야 합니다.",https://dart.fss.or.kr/dsaf001/main.do?rcpNo=20260929900715
2026-09-29,MSDI,123010,유상증자,부정,4175,4505,-6.39,,76700000000,,,,,신규,유상증자는 자금조달 목적에 따라 성장재원이 될 수 있지만 기존주주의 지분희석과 할인발행 부담이 발생할 수 있습니다.,https://dart.fss.or.kr/dsaf001/main.do?rcpNo=20260929000507
2026-09-29,뷰노,338220,유상증자,부정,8030,8510,-2.9,,116500000000,,,,,정정,유상증자는 자금조달 목적에 따라 성장재원이 될 수 있지만 기존주주의 지분희석과 할인발행 부담이 발생할 수 있습니다.,https://dart.fss.or.kr/dsaf001/main.do?rcpNo=20260929000550
2026-09-29,고영,098460,자사주 처분,부정,34100,33800,0.15,25053670100,2100700000000,1.193,,,,신규,자기주식 처분은 매각 목적과 물량에 따라 주식 공급 부담이 될 수 있습니다.,https://dart.fss.or.kr/dsaf001/main.do?rcpNo=20260929000505
2026-09-29,와이씨,232140,대규모 공급계약,긍정,16620,16130,3.88,,1181500000000,,,,19.08,정정,"대규모 공급계약은 매출 가시성을 높일 수 있지만 계약규모, 기간, 해지조건과 상대방 위험을 확인해야 합니다.",https://dart.fss.or.kr/dsaf001/main.do?rcpNo=20260929900723
2026-09-29,고려아연,010130,일반 회사채,판단 유보,1076000,1079000,0.65,,22480200000000,,,,,신규,일반 회사채 발행은 주식 희석 없이 자금을 조달하지만 약정된 이자와 만기상환 부담이 발생합니다.,https://dart.fss.or.kr/dsaf001/main.do?rcpNo=20260929000558
2026-09-29,아이비젼웍스,469750,대규모 공급계약,긍정,5840,6440,17.86,2430000000,34100000000,7.126,,,10.45,정정,"대규모 공급계약은 매출 가시성을 높일 수 있지만 계약규모, 기간, 해지조건과 상대방 위험을 확인해야 합니다.",https://dart.fss.or.kr/dsaf001/main.do?rcpNo=20260929900696
2026-09-29,KCC건설,021320,대규모 공급계약,긍정,5680,5780,-0.18,153941000000,124800000000,123.35,,,8.4,정정,"대규모 공급계약은 매출 가시성을 높일 수 있지만 계약규모, 기간, 해지조건과 상대방 위험을 확인해야 합니다.",https://dart.fss.or.kr/dsaf001/main.do?rcpNo=20260929900792
2026-09-29,한울반도체,320000,유상증자,부정,10440,10370,0.68,,74200000000,,,,,정정,유상증자는 자금조달 목적에 따라 성장재원이 될 수 있지만 기존주주의 지분희석과 할인발행 부담이 발생할 수 있습니다.,https://dart.fss.or.kr/dsaf001/main.do?rcpNo=20260929000532
2026-09-29,베노티앤알,206400,감자,부정,916,986,0.66,,34500000000,,,,,정정,감자는 결손보전 목적과 주주환원 목적의 의미가 크게 다르므로 감자 방식과 사유를 확인해야 합니다.,https://dart.fss.or.kr/dsaf001/main.do?rcpNo=20260929000557
2026-09-29,아센디오,012170,중요 자산·타법인 지분 거래,판단 유보,2925,2905,0.69,7500000000,20800000000,36.058,,,,신규,"중요 자산·지분 거래는 거래가격의 적정성과 자금조달 부담, 사업구조 변화를 확인해야 합니다.",https://dart.fss.or.kr/dsaf001/main.do?rcpNo=20260929000560
2026-09-29,SKC,011790,유상증자,부정,106500,104200,1.62,,4627500000000,,,,,정정,유상증자는 자금조달 목적에 따라 성장재원이 될 수 있지만 기존주주의 지분희석과 할인발행 부담이 발생할 수 있습니다.,https://dart.fss.or.kr/dsaf001/main.do?rcpNo=20260929800906
2026-09-29,퓨쳐메디신,341170,거래정지·상장폐지 위험,부정,29,20,70.59,,,,,,,신규,거래정지·상장폐지 관련 공시는 환금성과 투자원금에 중대한 영향을 줄 수 있습니다.,https://dart.fss.or.kr/dsaf001/main.do?rcpNo=20260929600830
2026-09-29,하나머티리얼즈,166090,최대주주 변경,판단 유보,64000,63500,0.79,,1184700000000,,,,,정정,최대주주 변경은 경영권과 사업전략 변화 가능성을 높이지만 인수주체와 자금출처 검증이 필요합니다.,https://dart.fss.or.kr/dsaf001/main.do?rcpNo=20260929900849
2026-09-29,아이에이,038880,유상증자,부정,3350,3305,0.15,,24600000000,,,,,정정,유상증자는 자금조달 목적에 따라 성장재원이 될 수 있지만 기존주주의 지분희석과 할인발행 부담이 발생할 수 있습니다.,https://dart.fss.or.kr/dsaf001/main.do?rcpNo=20260929000566
2026-09-29,한국금융지주,071050,일반 회사채,판단 유보,179200,179400,-0.17,,9958200000000,,,,,신규,일반 회사채 발행은 주식 희석 없이 자금을 조달하지만 약정된 이자와 만기상환 부담이 발생합니다.,https://dart.fss.or.kr/dsaf001/main.do?rcpNo=20260929000621
2026-09-29,JB금융지주,175330,일반 회사채,판단 유보,28900,28500,1.94,,5726200000000,,,,,신규,일반 회사채 발행은 주식 희석 없이 자금을 조달하지만 약정된 이자와 만기상환 부담이 발생합니다.,https://dart.fss.or.kr/dsaf001/main.do?rcpNo=20260929000624
2026-09-29,아리바이오홀딩스,290690,합병·주식교환,판단 유보,3075,3140,-3.0,,157600000000,,,,,정정,합병·주식교환은 교환비율과 지배구조 변화에 따라 주주별 이해관계가 달라집니다.,https://dart.fss.or.kr/dsaf001/main.do?rcpNo=20260929000584
2026-09-29,삼호개발,010960,대규모 공급계약,긍정,3080,3050,0.65,26439369500,74200000000,35.633,,,7.3,정정,"대규모 공급계약은 매출 가시성을 높일 수 있지만 계약규모, 기간, 해지조건과 상대방 위험을 확인해야 합니다.",https://dart.fss.or.kr/dsaf001/main.do?rcpNo=20260929800894
2026-09-29,사조대림,003960,합병·주식교환,판단 유보,27050,27400,0.0,,245600000000,,,,,신규,합병·주식교환은 교환비율과 지배구조 변화에 따라 주주별 이해관계가 달라집니다.,https://dart.fss.or.kr/dsaf001/main.do?rcpNo=20260929000616
2026-09-29,주연테크,044380,거래정지·상장폐지 위험,부정,436,,0.0,,600000000,,,,,신규,거래정지·상장폐지 관련 공시는 환금성과 투자원금에 중대한 영향을 줄 수 있습니다.,https://dart.fss.or.kr/dsaf001/main.do?rcpNo=20260929800924
2026-09-29,아리바이오홀딩스,290690,합병·주식교환,판단 유보,3075,3140,-3.0,,157600000000,,,,,철회,합병·주식교환은 교환비율과 지배구조 변화에 따라 주주별 이해관계가 달라집니다.,https://dart.fss.or.kr/dsaf001/main.do?rcpNo=20260929900874
2026-09-29,NH농우바이오,054050,영업양수도,판단 유보,7240,7250,-0.55,,112900000000,,,,,신규,영업양수도는 회사의 핵심 사업과 이익구조를 바꿀 수 있어 거래범위와 대가가 중요합니다.,https://dart.fss.or.kr/dsaf001/main.do?rcpNo=20260929000583
2026-09-29,NH농우바이오,054050,영업양수도,판단 유보,7240,7250,-0.55,,112900000000,,,,,신규,영업양수도는 회사의 핵심 사업과 이익구조를 바꿀 수 있어 거래범위와 대가가 중요합니다.,https://dart.fss.or.kr/dsaf001/main.do?rcpNo=20260929900938
2026-09-29,CSA 코스믹,083660,주식분할·병합,중립,1415,1428,-2.21,,24000000000,,,,,신규,주식분할·병합은 이론적 기업가치를 바꾸지 않지만 거래단위와 유동성에 영향을 줄 수 있습니다.,https://dart.fss.or.kr/dsaf001/main.do?rcpNo=20260929900895
2026-09-29,웰크론,065950,자사주 처분,부정,1129,1131,0.0,2295524511,32100000000,7.151,,,,정정,자기주식 처분은 매각 목적과 물량에 따라 주식 공급 부담이 될 수 있습니다.,https://dart.fss.or.kr/dsaf001/main.do?rcpNo=20260929000614
2026-09-29,유니트론텍,142210,최대주주 변경,판단 유보,6690,6680,0.15,,133000000000,,,,,정정,최대주주 변경은 경영권과 사업전략 변화 가능성을 높이지만 인수주체와 자금출처 검증이 필요합니다.,https://dart.fss.or.kr/dsaf001/main.do?rcpNo=20260929900919
2026-09-29,에이프로,262260,중요 자산·타법인 지분 거래,판단 유보,4485,4450,1.93,20238900000,68000000000,29.763,,,,정정,"중요 자산·지분 거래는 거래가격의 적정성과 자금조달 부담, 사업구조 변화를 확인해야 합니다.",https://dart.fss.or.kr/dsaf001/main.do?rcpNo=20260929000604
2026-09-29,광무,029480,중요 자산·타법인 지분 거래,판단 유보,1388,1371,0.43,,83100000000,,,,,신규,"중요 자산·지분 거래는 거래가격의 적정성과 자금조달 부담, 사업구조 변화를 확인해야 합니다.",https://dart.fss.or.kr/dsaf001/main.do?rcpNo=20260929000655
2026-09-29,KS인더스트리,101000,중요 소송,판단 유보,1421,1500,-5.27,,16400000000,,,,,신규,중요 소송은 예상손실과 영업 지속성에 영향을 줄 수 있어 청구금액과 진행단계를 확인해야 합니다.,https://dart.fss.or.kr/dsaf001/main.do?rcpNo=20260929000607
2026-09-29,소프트센,032680,거래정지·상장폐지 위험,부정,1008,997,0.2,,23500000000,,,,,신규,거래정지·상장폐지 관련 공시는 환금성과 투자원금에 중대한 영향을 줄 수 있습니다.,https://dart.fss.or.kr/dsaf001/main.do?rcpNo=20260929900955
2026-09-29,피엔티,137400,대규모 공급계약,긍정,31575,31750,1.53,44472000000,691800000000,6.428,,,5.97,신규,"대규모 공급계약은 매출 가시성을 높일 수 있지만 계약규모, 기간, 해지조건과 상대방 위험을 확인해야 합니다.",https://dart.fss.or.kr/dsaf001/main.do?rcpNo=20260929900946
2026-09-29,모바일어플라이언스,087260,감사의견·재무위험,부정,247,,0.0,,400000000,,,,,신규,감사의견·자본잠식·횡령배임 공시는 재무정보 신뢰성과 상장유지 가능성에 영향을 줄 수 있습니다.,https://dart.fss.or.kr/dsaf001/main.do?rcpNo=20260929900959
2026-09-29,리튬포어스,073570,유상증자,부정,2915,2550,14.09,,30000000000,,,,,신규,유상증자는 자금조달 목적에 따라 성장재원이 될 수 있지만 기존주주의 지분희석과 할인발행 부담이 발생할 수 있습니다.,https://dart.fss.or.kr/dsaf001/main.do?rcpNo=20260929000646
2026-09-29,씨씨에스,066790,중요 소송,판단 유보,2205,,0.0,,97400000000,,,,,신규,중요 소송은 예상손실과 영업 지속성에 영향을 줄 수 있어 청구금액과 진행단계를 확인해야 합니다.,https://dart.fss.or.kr/dsaf001/main.do?rcpNo=20260929900962
2026-09-29,뷰노,338220,유상증자,부정,8030,8510,-2.9,,116500000000,,,,,정정,유상증자는 자금조달 목적에 따라 성장재원이 될 수 있지만 기존주주의 지분희석과 할인발행 부담이 발생할 수 있습니다.,https://dart.fss.or.kr/dsaf001/main.do?rcpNo=20260929000672
2026-09-29,테크윙,089030,대규모 공급계약,긍정,55800,57300,-2.62,22863276800,1912000000000,1.196,,,14.37,정정,"대규모 공급계약은 매출 가시성을 높일 수 있지만 계약규모, 기간, 해지조건과 상대방 위험을 확인해야 합니다.",https://dart.fss.or.kr/dsaf001/main.do?rcpNo=20260929900917
2026-09-29,넥써쓰,205500,거래정지·상장폐지 위험,부정,1832,1843,0.22,,143700000000,,,,,신규,거래정지·상장폐지 관련 공시는 환금성과 투자원금에 중대한 영향을 줄 수 있습니다.,https://dart.fss.or.kr/dsaf001/main.do?rcpNo=20260929901004
2026-09-29,바른손이앤에이,035620,거래정지·상장폐지 위험,부정,681,732,-3.68,,13800000000,,,,,신규,거래정지·상장폐지 관련 공시는 환금성과 투자원금에 중대한 영향을 줄 수 있습니다.,https://dart.fss.or.kr/dsaf001/main.do?rcpNo=20260929901007
2026-09-29,나노씨엠에스,247660,거래정지·상장폐지 위험,부정,4045,3970,1.13,,21900000000,,,,,신규,거래정지·상장폐지 관련 공시는 환금성과 투자원금에 중대한 영향을 줄 수 있습니다.,https://dart.fss.or.kr/dsaf001/main.do?rcpNo=20260929901000
2026-09-29,케이피티유,054410,거래정지·상장폐지 위험,부정,2840,2870,0.71,,19200000000,,,,,신규,거래정지·상장폐지 관련 공시는 환금성과 투자원금에 중대한 영향을 줄 수 있습니다.,https://dart.fss.or.kr/dsaf001/main.do?rcpNo=20260929900838
2026-09-29,가비아,079940,중요 소송,판단 유보,39500,38250,1.67,,537500000000,,,,,정정,중요 소송은 예상손실과 영업 지속성에 영향을 줄 수 있어 청구금액과 진행단계를 확인해야 합니다.,https://dart.fss.or.kr/dsaf001/main.do?rcpNo=20260929901018
2026-09-29,가비아,079940,중요 소송,판단 유보,39500,38250,1.67,,537500000000,,,,,정정,중요 소송은 예상손실과 영업 지속성에 영향을 줄 수 있어 청구금액과 진행단계를 확인해야 합니다.,https://dart.fss.or.kr/dsaf001/main.do?rcpNo=20260929901019
2026-09-29,이오플로우,294090,거래정지·상장폐지 위험,부정,1490,,0.0,,62300000000,,,,,정정,거래정지·상장폐지 관련 공시는 환금성과 투자원금에 중대한 영향을 줄 수 있습니다.,https://dart.fss.or.kr/dsaf001/main.do?rcpNo=20260929901031
2026-09-29,이오플로우,294090,거래정지·상장폐지 위험,부정,1490,,0.0,,62300000000,,,,,신규,거래정지·상장폐지 관련 공시는 환금성과 투자원금에 중대한 영향을 줄 수 있습니다.,https://dart.fss.or.kr/dsaf001/main.do?rcpNo=20260929901028
2026-09-29,이오플로우,294090,거래정지·상장폐지 위험,부정,1490,,0.0,,62300000000,,,,,신규,거래정지·상장폐지 관련 공시는 환금성과 투자원금에 중대한 영향을 줄 수 있습니다.,https://dart.fss.or.kr/dsaf001/main.do?rcpNo=20260929901027
2026-09-29,모바일어플라이언스,087260,거래정지·상장폐지 위험,부정,247,,0.0,,400000000,,,,,신규,거래정지·상장폐지 관련 공시는 환금성과 투자원금에 중대한 영향을 줄 수 있습니다.,https://dart.fss.or.kr/dsaf001/main.do?rcpNo=20260929901029
2026-09-29,이오플로우,294090,감사의견·재무위험,부정,1490,,0.0,,62300000000,,,,,정정,감사의견·자본잠식·횡령배임 공시는 재무정보 신뢰성과 상장유지 가능성에 영향을 줄 수 있습니다.,https://dart.fss.or.kr/dsaf001/main.do?rcpNo=20260929901026
2026-09-29,신원종합개발,017000,대규모 공급계약,긍정,2290,2275,-0.43,21504371998,26700000000,80.541,,,10.18,신규,"대규모 공급계약은 매출 가시성을 높일 수 있지만 계약규모, 기간, 해지조건과 상대방 위험을 확인해야 합니다.",https://dart.fss.or.kr/dsaf001/main.do?rcpNo=20260929900200
2026-09-29,IBKS제25호스팩,0099X0,합병·주식교환,판단 유보,2230,2250,0.68,,13000000000,,,,,정정,합병·주식교환은 교환비율과 지배구조 변화에 따라 주주별 이해관계가 달라집니다.,https://dart.fss.or.kr/dsaf001/main.do?rcpNo=20260929000142
2026-09-29,큐리언트,115180,유상증자,부정,24400,24750,-1.01,,808900000000,,,,,정정,유상증자는 자금조달 목적에 따라 성장재원이 될 수 있지만 기존주주의 지분희석과 할인발행 부담이 발생할 수 있습니다.,https://dart.fss.or.kr/dsaf001/main.do?rcpNo=20260929000138
2026-09-29,아이퀘스트,262840,자사주 취득,긍정,2855,2905,0.0,999998715,29900000000,3.344,,,,신규,자기주식 취득은 주주환원 신호지만 실제 소각 여부와 취득 규모를 함께 봐야 합니다.,https://dart.fss.or.kr/dsaf001/main.do?rcpNo=20260929000135
2026-09-29,셀트리온,068270,자사주 취득,긍정,181200,183600,-1.31,100000089900,41382600000000,0.242,,,,신규,자기주식 취득은 주주환원 신호지만 실제 소각 여부와 취득 규모를 함께 봐야 합니다.,https://dart.fss.or.kr/dsaf001/main.do?rcpNo=20260929000153
2026-09-29,프로티아,303360,거래정지·상장폐지 위험,부정,5940,6170,-1.49,,72400000000,,,,,신규,거래정지·상장폐지 관련 공시는 환금성과 투자원금에 중대한 영향을 줄 수 있습니다.,https://dart.fss.or.kr/dsaf001/main.do?rcpNo=20260929900272
2026-09-29,세미파이브,490470,대규모 공급계약,긍정,20600,20300,0.24,61110400000,625000000000,9.778,,,58.13,신규,"대규모 공급계약은 매출 가시성을 높일 수 있지만 계약규모, 기간, 해지조건과 상대방 위험을 확인해야 합니다.",https://dart.fss.or.kr/dsaf001/main.do?rcpNo=20260929900238
2026-09-29,애니플러스,310200,자사주 취득,긍정,2170,2130,1.17,,105100000000,,,,,신규,자기주식 취득은 주주환원 신호지만 실제 소각 여부와 취득 규모를 함께 봐야 합니다.,https://dart.fss.or.kr/dsaf001/main.do?rcpNo=20260929000172
2026-09-29,프로티아,303360,무상증자,중립,5940,6170,-1.49,,72400000000,,,,,신규,무상증자는 주식 수를 늘리지만 기업가치 자체를 증가시키지는 않습니다. 유동성 및 단기 수급효과를 구분해야 합니다.,https://dart.fss.or.kr/dsaf001/main.do?rcpNo=20260929000168
2026-09-29,삼성전기,009150,대규모 공급계약,긍정,1548000,1554000,-0.83,285003046640,113833200000000,0.25,,,2.5,신규,"대규모 공급계약은 매출 가시성을 높일 수 있지만 계약규모, 기간, 해지조건과 상대방 위험을 확인해야 합니다.",https://dart.fss.or.kr/dsaf001/main.do?rcpNo=20260929800281
2026-09-29,디어유,376300,자사주 취득,긍정,18420,18920,-2.44,,427100000000,,,,,신규,자기주식 취득은 주주환원 신호지만 실제 소각 여부와 취득 규모를 함께 봐야 합니다.,https://dart.fss.or.kr/dsaf001/main.do?rcpNo=20260929000178
2026-09-29,신일전자,002700,자사주 취득,긍정,1005,1005,0.0,1999999595,66500000000,3.008,,,,신규,자기주식 취득은 주주환원 신호지만 실제 소각 여부와 취득 규모를 함께 봐야 합니다.,https://dart.fss.or.kr/dsaf001/main.do?rcpNo=20260929000189
2026-09-29,멤레이비티,072770,주식분할·병합,중립,635,700,-3.5,,29600000000,,,,,정정,주식분할·병합은 이론적 기업가치를 바꾸지 않지만 거래단위와 유동성에 영향을 줄 수 있습니다.,https://dart.fss.or.kr/dsaf001/main.do?rcpNo=20260929900308
2026-09-29,더코디,224060,유상증자,부정,4135,4455,-4.28,,25100000000,,,,,정정,유상증자는 자금조달 목적에 따라 성장재원이 될 수 있지만 기존주주의 지분희석과 할인발행 부담이 발생할 수 있습니다.,https://dart.fss.or.kr/dsaf001/main.do?rcpNo=20260929000203
2026-09-29,큐리언트,115180,유상증자,부정,24400,24750,-1.01,,808900000000,,,,,정정,유상증자는 자금조달 목적에 따라 성장재원이 될 수 있지만 기존주주의 지분희석과 할인발행 부담이 발생할 수 있습니다.,https://dart.fss.or.kr/dsaf001/main.do?rcpNo=20260929000233
2026-09-29,케이알엠,093640,대규모 공급계약,긍정,4700,4715,1.29,1370000000,151900000000,0.902,,,15.2,신규,"대규모 공급계약은 매출 가시성을 높일 수 있지만 계약규모, 기간, 해지조건과 상대방 위험을 확인해야 합니다.",https://dart.fss.or.kr/dsaf001/main.do?rcpNo=20260929900334
2026-09-29,이노메트리,302430,대규모 공급계약,긍정,7840,7860,-0.25,2770000000,71800000000,3.858,,,13.37,정정,"대규모 공급계약은 매출 가시성을 높일 수 있지만 계약규모, 기간, 해지조건과 상대방 위험을 확인해야 합니다.",https://dart.fss.or.kr/dsaf001/main.do?rcpNo=20260929900362
2026-09-29,유비쿼스,264450,대규모 공급계약,긍정,11730,11520,2.53,179423849300,169800000000,105.668,,,134.2,정정,"대규모 공급계약은 매출 가시성을 높일 수 있지만 계약규모, 기간, 해지조건과 상대방 위험을 확인해야 합니다.",https://dart.fss.or.kr/dsaf001/main.do?rcpNo=20260929900346
2026-09-29,모비스,250060,대규모 공급계약,긍정,3150,3175,-1.1,1413102568,99700000000,1.417,,,28.22,신규,"대규모 공급계약은 매출 가시성을 높일 수 있지만 계약규모, 기간, 해지조건과 상대방 위험을 확인해야 합니다.",https://dart.fss.or.kr/dsaf001/main.do?rcpNo=20260929900349
2026-09-29,나인테크,267320,대규모 공급계약,긍정,2835,2800,0.53,12700000000,159900000000,7.942,,,14.29,정정,"대규모 공급계약은 매출 가시성을 높일 수 있지만 계약규모, 기간, 해지조건과 상대방 위험을 확인해야 합니다.",https://dart.fss.or.kr/dsaf001/main.do?rcpNo=20260929900368
2026-09-29,테라젠이텍스,066700,자사주 소각,긍정,2240,2270,-1.32,1768665211,84300000000,2.098,,,,신규,자기주식 소각은 발행주식 수 감소를 통해 주당가치에 긍정적으로 작용할 수 있습니다.,https://dart.fss.or.kr/dsaf001/main.do?rcpNo=20260929900297
2026-09-29,벡트,457600,유상증자,부정,3925,3685,6.37,,53700000000,,,,,정정,유상증자는 자금조달 목적에 따라 성장재원이 될 수 있지만 기존주주의 지분희석과 할인발행 부담이 발생할 수 있습니다.,https://dart.fss.or.kr/dsaf001/main.do?rcpNo=20260928000391
2026-09-29,모아라이프플러스,142760,유상증자,부정,479,481,-0.62,,10100000000,,,,,신규,유상증자는 자금조달 목적에 따라 성장재원이 될 수 있지만 기존주주의 지분희석과 할인발행 부담이 발생할 수 있습니다.,https://dart.fss.or.kr/dsaf001/main.do?rcpNo=20260928000396
2026-09-29,한미반도체,042700,대규모 공급계약,긍정,275000,269500,2.42,7874048000,23637400000000,0.033,,,1.37,신규,"대규모 공급계약은 매출 가시성을 높일 수 있지만 계약규모, 기간, 해지조건과 상대방 위험을 확인해야 합니다.",https://dart.fss.or.kr/dsaf001/main.do?rcpNo=20260929800083
2026-09-29,가비아,079940,중요 소송,판단 유보,39500,38250,1.67,,541500000000,,,,,신규,중요 소송은 예상손실과 영업 지속성에 영향을 줄 수 있어 청구금액과 진행단계를 확인해야 합니다.,https://dart.fss.or.kr/dsaf001/main.do?rcpNo=20260929900001
2026-09-29,현대지에프홀딩스,005440,현금배당,긍정,12830,12630,2.31,,2338300000000,,,,,정정,현금배당은 직접적인 주주환원이지만 배당락일에는 주가 조정 가능성이 있습니다. 배당수익률과 지속가능성을 함께 확인해야 합니다.,https://dart.fss.or.kr/dsaf001/main.do?rcpNo=20260929800148
2026-09-29,드래곤플라이,030350,거래정지·상장폐지 위험,부정,973,,0.0,,15200000000,,,,,정정,거래정지·상장폐지 관련 공시는 환금성과 투자원금에 중대한 영향을 줄 수 있습니다.,https://dart.fss.or.kr/dsaf001/main.do?rcpNo=20260929900097
2026-09-29,서한,011370,대규모 공급계약,긍정,3730,3725,0.54,13712933409,74300000000,18.456,,,3.06,정정,"대규모 공급계약은 매출 가시성을 높일 수 있지만 계약규모, 기간, 해지조건과 상대방 위험을 확인해야 합니다.",https://dart.fss.or.kr/dsaf001/main.do?rcpNo=20260929900086
2026-09-29,피델릭스,032580,대규모 공급계약,긍정,7860,7810,3.01,19244000000,252100000000,7.633,,,35.8,신규,"대규모 공급계약은 매출 가시성을 높일 수 있지만 계약규모, 기간, 해지조건과 상대방 위험을 확인해야 합니다.",https://dart.fss.or.kr/dsaf001/main.do?rcpNo=20260929900153
2026-09-29,SNT다이내믹스,003570,자사주 소각,긍정,31350,30450,2.96,248370454200,1045800000000,23.749,,,,신규,자기주식 소각은 발행주식 수 감소를 통해 주당가치에 긍정적으로 작용할 수 있습니다.,https://dart.fss.or.kr/dsaf001/main.do?rcpNo=20260929800131
2026-09-29,SNT다이내믹스,003570,거래정지·상장폐지 위험,부정,31350,30450,2.96,,1045800000000,,,,,신규,거래정지·상장폐지 관련 공시는 환금성과 투자원금에 중대한 영향을 줄 수 있습니다.,https://dart.fss.or.kr/dsaf001/main.do?rcpNo=20260929800141
2026-09-29,SNT홀딩스,036530,자사주 소각,긍정,45300,45600,-0.55,248370454200,758900000000,32.728,,,,신규,자기주식 소각은 발행주식 수 감소를 통해 주당가치에 긍정적으로 작용할 수 있습니다.,https://dart.fss.or.kr/dsaf001/main.do?rcpNo=20260929800155
2026-09-29,모아라이프플러스,142760,유상증자,부정,479,481,-0.62,,10100000000,,,,,정정,유상증자는 자금조달 목적에 따라 성장재원이 될 수 있지만 기존주주의 지분희석과 할인발행 부담이 발생할 수 있습니다.,https://dart.fss.or.kr/dsaf001/main.do?rcpNo=20260929000083
2026-09-29,OCI홀딩스,010060,부도·회생·영업정지,부정,229500,221000,3.85,,3995400000000,,,,,신규,부도·회생·영업정지는 기업의 계속기업 가능성에 직접적인 위험신호입니다.,https://dart.fss.or.kr/dsaf001/main.do?rcpNo=20260929800197
2026-09-29,OCI,456040,부도·회생·영업정지,부정,72800,73600,-0.68,,684900000000,,,,,신규,부도·회생·영업정지는 기업의 계속기업 가능성에 직접적인 위험신호입니다.,https://dart.fss.or.kr/dsaf001/main.do?rcpNo=20260929000097
2026-09-29,OCI,456040,부도·회생·영업정지,부정,72800,73600,-0.68,,684900000000,,,,,신규,부도·회생·영업정지는 기업의 계속기업 가능성에 직접적인 위험신호입니다.,https://dart.fss.or.kr/dsaf001/main.do?rcpNo=20260929800185
2026-09-29,한화플러스제5호스팩,498390,합병·주식교환,판단 유보,2780,2735,1.83,,12100000000,,,,,정정,합병·주식교환은 교환비율과 지배구조 변화에 따라 주주별 이해관계가 달라집니다.,https://dart.fss.or.kr/dsaf001/main.do?rcpNo=20260929000098
2026-09-29,리메드,302550,대규모 공급계약,긍정,2650,2670,1.34,23436000000,81100000000,28.898,,,140.9,정정,"대규모 공급계약은 매출 가시성을 높일 수 있지만 계약규모, 기간, 해지조건과 상대방 위험을 확인해야 합니다.",https://dart.fss.or.kr/dsaf001/main.do?rcpNo=20260929900396
2026-09-29,케이옥션,102370,자사주 소각,긍정,2910,2910,0.0,,78100000000,,,,,신규,자기주식 소각은 발행주식 수 감소를 통해 주당가치에 긍정적으로 작용할 수 있습니다.,https://dart.fss.or.kr/dsaf001/main.do?rcpNo=20260929900405
2026-09-29,넥써쓰,205500,합병·주식교환,판단 유보,1832,1843,0.22,,143700000000,,,,,신규,합병·주식교환은 교환비율과 지배구조 변화에 따라 주주별 이해관계가 달라집니다.,https://dart.fss.or.kr/dsaf001/main.do?rcpNo=20260929000305
2026-09-29,넥써쓰,205500,거래정지·상장폐지 위험,부정,1832,1843,0.22,,143700000000,,,,,신규,거래정지·상장폐지 관련 공시는 환금성과 투자원금에 중대한 영향을 줄 수 있습니다.,https://dart.fss.or.kr/dsaf001/main.do?rcpNo=20260929900414
2026-09-29,현대오토에버,307950,대규모 공급계약,긍정,377500,377000,-0.66,202800000000,10174300000000,1.993,,,4.8,신규,"대규모 공급계약은 매출 가시성을 높일 수 있지만 계약규모, 기간, 해지조건과 상대방 위험을 확인해야 합니다.",https://dart.fss.or.kr/dsaf001/main.do?rcpNo=20260929800423
2026-09-29,넥써쓰,205500,합병·주식교환,판단 유보,1832,1843,0.22,,143700000000,,,,,신규,합병·주식교환은 교환비율과 지배구조 변화에 따라 주주별 이해관계가 달라집니다.,https://dart.fss.or.kr/dsaf001/main.do?rcpNo=20260929900426
2026-09-29,케이쓰리아이,431190,유상증자,부정,4515,4625,-1.42,,30900000000,,,,,정정,유상증자는 자금조달 목적에 따라 성장재원이 될 수 있지만 기존주주의 지분희석과 할인발행 부담이 발생할 수 있습니다.,https://dart.fss.or.kr/dsaf001/main.do?rcpNo=20260929000309
2026-09-29,에이텍모빌리티,224110,대규모 공급계약,긍정,7810,7980,-2.37,8340000000,43200000000,19.306,,,12.98,정정,"대규모 공급계약은 매출 가시성을 높일 수 있지만 계약규모, 기간, 해지조건과 상대방 위험을 확인해야 합니다.",https://dart.fss.or.kr/dsaf001/main.do?rcpNo=20260929900416
